Jahr;Monat;Branche_Code;Branche_Label;Beschaeftigte;BeschaeftigteVeraenderung;Vollzeitbeschaeftigte;VollzeitbeschaeftigteVeraenderung;Teilzeitbeschaeftigte;TeilzeitbeschaeftigteVeraenderung
2015;1;WZ08-55;Beherbergung;94.5;2.3;95.5;-0.6;93.3;6.3
2015;1;WZ08-551;Hotels;94.9;2.4;95.9;-0.7;93.8;6.8
2015;1;WZ08-552;Ferienunterkünfte;92.5;0.3;92.7;1;92.3;-0.4
2015;1;WZ08-553;Campingplätze;71.3;9.9;74.7;2.3;68.5;19.1
2015;1;WZ08-56;Gastronomie;93.2;-1.1;93.4;0.8;93.2;-1.9
2015;1;WZ08-561;Restaurants & Cafes;92.3;-2.4;92.1;0.3;92.4;-3.9
2015;1;WZ08-562;Caterer;95.8;3.5;98.6;3.1;94.4;3.9
2015;1;WZ08-563;Bars & Clubs;94.7;0.1;92.5;0.7;95.3;
2015;2;WZ08-55;Beherbergung;94.3;2.7;95;0.1;93.4;6.3
2015;2;WZ08-551;Hotels;94.7;2.9;95.3;-0.1;94;7.2
2015;2;WZ08-552;Ferienunterkünfte;92.3;-0.4;93.8;2.5;91.3;-2.6
2015;2;WZ08-553;Campingplätze;72.7;8.5;76.8;4.5;69.2;13.4
2015;2;WZ08-56;Gastronomie;94.4;1.4;94;1.3;94.5;1.3
2015;2;WZ08-561;Restaurants & Cafes;93.3;0.5;92.9;1.1;93.5;0.3
2015;2;WZ08-562;Caterer;98.1;4.5;98.9;2.7;97.7;5.5
2015;2;WZ08-563;Bars & Clubs;94.7;1;92;-0.3;95.4;1.3
2015;3;WZ08-55;Beherbergung;96.2;2.9;97.1;0.4;95.1;6
2015;3;WZ08-551;Hotels;96.4;2.9;97.2;0.3;95.4;6.6
2015;3;WZ08-552;Ferienunterkünfte;95.1;0.4;95.5;2.1;94.8;-1
2015;3;WZ08-553;Campingplätze;83;9.8;89.7;4.8;77.4;16.7
2015;3;WZ08-56;Gastronomie;96.7;0.8;96.6;1.2;96.7;0.6
2015;3;WZ08-561;Restaurants & Cafes;96.4;0.4;96.2;0.9;96.5;
2015;3;WZ08-562;Caterer;98.3;3.1;98.9;2.5;97.9;3.4
2015;3;WZ08-563;Bars & Clubs;95.8;;94.8;0.7;96.1;-0.2
2015;4;WZ08-55;Beherbergung;99;2.9;99.4;0.6;98.5;5.9
2015;4;WZ08-551;Hotels;98.9;3.2;99.4;0.7;98.3;6.7
2015;4;WZ08-552;Ferienunterkünfte;99.5;-1.3;97.5;-0.3;100.8;-2.2
2015;4;WZ08-553;Campingplätze;101.9;4.4;105.5;-0.2;98.9;9.9
2015;4;WZ08-56;Gastronomie;99.7;2.2;99.1;0.7;99.9;2.7
2015;4;WZ08-561;Restaurants & Cafes;99.8;1.8;99;0.3;100.3;2.6
2015;4;WZ08-562;Caterer;98.9;4.2;99.7;2.9;98.5;4.8
2015;4;WZ08-563;Bars & Clubs;100.1;0.4;99.1;-0.4;100.3;0.4
2015;5;WZ08-55;Beherbergung;101.8;3;101;-0.1;102.8;7.2
2015;5;WZ08-551;Hotels;101.6;3.4;100.9;;102.6;8.2
2015;5;WZ08-552;Ferienunterkünfte;102.7;-1.5;101;-0.6;103.9;-2.3
2015;5;WZ08-553;Campingplätze;112.8;3.3;112.4;-1.1;113.1;7.5
2015;5;WZ08-56;Gastronomie;102;2.4;101.5;1.3;102.2;2.8
2015;5;WZ08-561;Restaurants & Cafes;102.2;1.8;102;1.1;102.3;2.2
2015;5;WZ08-562;Caterer;100.5;5.1;99.7;2.5;101;6.7
2015;5;WZ08-563;Bars & Clubs;103.1;0.8;101.7;-0.6;103.5;1.2
2015;6;WZ08-55;Beherbergung;102.6;1.8;101.5;-0.2;104;4.3
2015;6;WZ08-551;Hotels;102.3;2.1;101.3;-0.2;103.6;5.1
2015;6;WZ08-552;Ferienunterkünfte;104;-2.5;103.4;-0.6;104.5;-4
2015;6;WZ08-553;Campingplätze;120.2;0.2;116.1;-1.7;123.6;1.6
2015;6;WZ08-56;Gastronomie;103;2.2;102.1;1.3;103.4;2.6
2015;6;WZ08-561;Restaurants & Cafes;103.6;1.8;102.7;0.8;104;2.3
2015;6;WZ08-562;Caterer;100.1;5.5;100.2;3.6;100;6.3
2015;6;WZ08-563;Bars & Clubs;104.3;-0.6;101;-0.9;105.2;-0.4
2015;7;WZ08-55;Beherbergung;103;1.5;101.7;-0.3;104.7;4
2015;7;WZ08-551;Hotels;102.4;1.7;101.3;-0.5;103.9;4.5
2015;7;WZ08-552;Ferienunterkünfte;106.3;-1;105.2;1.3;107.1;-2.8
2015;7;WZ08-553;Campingplätze;129.9;2.1;120.8;-1.1;137.6;4.2
2015;7;WZ08-56;Gastronomie;103.3;2.4;102.7;1.4;103.6;2.8
2015;7;WZ08-561;Restaurants & Cafes;104.3;2;103.8;1;104.5;2.4
2015;7;WZ08-562;Caterer;100.8;6.8;99.3;3;101.6;8.8
2015;7;WZ08-563;Bars & Clubs;101.7;-2.1;101.2;0.2;101.9;-2.7
2015;8;WZ08-55;Beherbergung;104.1;1.6;103.3;-0.6;105;4.3
2015;8;WZ08-551;Hotels;103.5;1.8;103.1;-0.6;104.1;4.9
2015;8;WZ08-552;Ferienunterkünfte;108.1;-0.4;105.8;1.8;109.7;-2.2
2015;8;WZ08-553;Campingplätze;128.9;1.3;120.4;-3.8;136;5.2
2015;8;WZ08-56;Gastronomie;103.8;2.9;103.7;2.3;103.8;3.1
2015;8;WZ08-561;Restaurants & Cafes;104.4;2.5;104.6;1.9;104.3;2.9
2015;8;WZ08-562;Caterer;101.3;6;99.3;3;102.3;7.5
2015;8;WZ08-563;Bars & Clubs;104;-0.7;106.6;1.9;103.3;-1.3
2015;9;WZ08-55;Beherbergung;103.9;1.5;103.8;-0.5;103.9;3.8
2015;9;WZ08-551;Hotels;103.6;1.7;103.7;-0.4;103.5;4.4
2015;9;WZ08-552;Ferienunterkünfte;105.2;-2.5;104.9;-0.9;105.4;-3.9
2015;9;WZ08-553;Campingplätze;118.5;3.1;116.7;-0.9;120;7
2015;9;WZ08-56;Gastronomie;103.5;2.4;104.5;1.3;103;2.9
2015;9;WZ08-561;Restaurants & Cafes;103.8;2.1;105;1;103.2;2.7
2015;9;WZ08-562;Caterer;102.3;5.1;101.1;3.4;103;6.2
2015;9;WZ08-563;Bars & Clubs;103.4;-0.6;109.5;-0.5;101.7;-0.7
2015;10;WZ08-55;Beherbergung;102.3;0.7;102.6;-0.1;101.8;1.6
2015;10;WZ08-551;Hotels;102.2;0.7;102.5;-0.3;101.8;1.9
2015;10;WZ08-552;Ferienunterkünfte;103.2;-1.3;105;2.7;102;-4.1
2015;10;WZ08-553;Campingplätze;101.7;1.8;103.3;-0.6;100.3;4.4
2015;10;WZ08-56;Gastronomie;101.7;1.8;103.5;1.9;100.9;1.9
2015;10;WZ08-561;Restaurants & Cafes;101.8;1.8;103.5;1.7;100.9;2
2015;10;WZ08-562;Caterer;101.8;3.5;101.6;3.1;101.9;3.7
2015;10;WZ08-563;Bars & Clubs;101.4;-0.7;107.8;-0.2;99.6;-0.9
2015;11;WZ08-55;Beherbergung;99.2;0.9;99.8;0.2;98.5;2
2015;11;WZ08-551;Hotels;99.7;1.2;100;0.1;99.2;2.5
2015;11;WZ08-552;Ferienunterkünfte;96;-1.7;98.7;1.3;94.1;-4.1
2015;11;WZ08-553;Campingplätze;82.1;2.9;84.8;1.7;79.7;4.3
2015;11;WZ08-56;Gastronomie;99.5;1.4;99.9;2.3;99.3;1
2015;11;WZ08-561;Restaurants & Cafes;99.3;1.3;99.8;2.3;99.1;0.9
2015;11;WZ08-562;Caterer;101.4;3;101.4;2.9;101.4;3.2
2015;11;WZ08-563;Bars & Clubs;97.5;-0.6;97.7;2;97.4;-1.3
2015;12;WZ08-55;Beherbergung;99.2;2;99.2;0.7;99.1;3.2
2015;12;WZ08-551;Hotels;99.7;1.8;99.5;0.7;99.9;3.3
2015;12;WZ08-552;Ferienunterkünfte;95.2;1;96.6;1.2;94.2;0.7
2015;12;WZ08-553;Campingplätze;77.1;6.3;78.7;2.1;75.8;11.1
2015;12;WZ08-56;Gastronomie;99.3;1.3;98.9;1.7;99.5;1
2015;12;WZ08-561;Restaurants & Cafes;98.9;0.9;98.5;1.2;99.1;0.8
2015;12;WZ08-562;Caterer;100.8;2.9;101.4;3;100.5;2.6
2015;12;WZ08-563;Bars & Clubs;99.3;0.8;96.1;2.1;100.2;0.4
2016;1;WZ08-55;Beherbergung;94.8;0.3;96;0.5;93.3;
2016;1;WZ08-551;Hotels;95.5;0.6;96.4;0.5;94.4;0.6
2016;1;WZ08-552;Ferienunterkünfte;88.6;-4.2;93.8;1.2;85.4;-7.5
2016;1;WZ08-553;Campingplätze;74.9;5;75.3;0.8;74.6;8.9
2016;1;WZ08-56;Gastronomie;94.7;1.6;96;2.8;94.1;1
2016;1;WZ08-561;Restaurants & Cafes;94;1.8;95;3.1;93.4;1.1
2016;1;WZ08-562;Caterer;97.4;1.7;101.4;2.8;95.3;1
2016;1;WZ08-563;Bars & Clubs;94.8;0.1;91.7;-0.9;95.7;0.4
2016;2;WZ08-55;Beherbergung;95.3;1.1;96.6;1.7;93.9;0.5
2016;2;WZ08-551;Hotels;96.1;1.5;96.9;1.7;95.2;1.3
2016;2;WZ08-552;Ferienunterkünfte;88.5;-4.1;94.2;0.4;84.8;-7.1
2016;2;WZ08-553;Campingplätze;75.4;3.7;77.4;0.8;73.6;6.4
2016;2;WZ08-56;Gastronomie;95.1;0.7;96.1;2.2;94.5;
2016;2;WZ08-561;Restaurants & Cafes;94.5;1.3;95.3;2.6;94;0.5
2016;2;WZ08-562;Caterer;97.7;-0.4;101;2.1;96;-1.7
2016;2;WZ08-563;Bars & Clubs;94.4;-0.3;90.7;-1.4;95.5;0.1
2016;3;WZ08-55;Beherbergung;97.8;1.7;98.7;1.6;96.7;1.7
2016;3;WZ08-551;Hotels;98.1;1.8;98.7;1.5;97.3;2
2016;3;WZ08-552;Ferienunterkünfte;95.1;;98.6;3.2;92.8;-2.1
2016;3;WZ08-553;Campingplätze;91.1;9.8;97.2;8.4;85.6;10.6
2016;3;WZ08-56;Gastronomie;97.6;0.9;99;2.5;96.8;0.1
2016;3;WZ08-561;Restaurants & Cafes;97.2;0.8;98.5;2.4;96.6;0.1
2016;3;WZ08-562;Caterer;98.9;0.6;102.4;3.5;97.1;-0.8
2016;3;WZ08-563;Bars & Clubs;97.1;1.4;94.3;-0.5;97.9;1.9
2016;4;WZ08-55;Beherbergung;99.7;0.7;100.2;0.8;99;0.5
2016;4;WZ08-551;Hotels;99.5;0.6;99.9;0.5;98.9;0.6
2016;4;WZ08-552;Ferienunterkünfte;99.9;0.4;102;4.6;98.4;-2.4
2016;4;WZ08-553;Campingplätze;109.2;7.2;113.5;7.6;105.5;6.7
2016;4;WZ08-56;Gastronomie;99.6;-0.1;101.1;2;98.8;-1.1
2016;4;WZ08-561;Restaurants & Cafes;99.3;-0.5;100.9;1.9;98.4;-1.9
2016;4;WZ08-562;Caterer;99.7;0.8;102.7;3;98.2;-0.3
2016;4;WZ08-563;Bars & Clubs;101.3;1.2;98.4;-0.7;102.2;1.9
2016;5;WZ08-55;Beherbergung;101.8;;101.1;0.1;102.7;-0.1
2016;5;WZ08-551;Hotels;101.3;-0.3;100.6;-0.3;102.2;-0.4
2016;5;WZ08-552;Ferienunterkünfte;103.6;0.9;104.4;3.4;102.9;-1
2016;5;WZ08-553;Campingplätze;120.2;6.6;120.7;7.4;119.9;6
2016;5;WZ08-56;Gastronomie;102;;102.5;1;101.7;-0.5
2016;5;WZ08-561;Restaurants & Cafes;102.2;;102.5;0.5;102;-0.3
2016;5;WZ08-562;Caterer;100.6;0.1;102.9;3.2;99.4;-1.6
2016;5;WZ08-563;Bars & Clubs;102.9;-0.2;101.6;-0.1;103.3;-0.2
2016;6;WZ08-55;Beherbergung;103.2;0.6;101.9;0.4;104.7;0.7
2016;6;WZ08-551;Hotels;102.6;0.3;101.3;;104.4;0.8
2016;6;WZ08-552;Ferienunterkünfte;105;1;106;2.5;104.1;-0.4
2016;6;WZ08-553;Campingplätze;124.7;3.7;124.9;7.6;124.5;0.7
2016;6;WZ08-56;Gastronomie;102.5;-0.5;102.1;;102.8;-0.6
2016;6;WZ08-561;Restaurants & Cafes;103.1;-0.5;102.3;-0.4;103.5;-0.5
2016;6;WZ08-562;Caterer;100.6;0.5;102.9;2.7;99.5;-0.5
2016;6;WZ08-563;Bars & Clubs;102.1;-2.1;98;-3;103.2;-1.9
2016;7;WZ08-55;Beherbergung;104.1;1.1;102.6;0.9;105.9;1.1
2016;7;WZ08-551;Hotels;103.2;0.8;101.8;0.5;105;1.1
2016;7;WZ08-552;Ferienunterkünfte;108.3;1.9;108.8;3.4;107.8;0.7
2016;7;WZ08-553;Campingplätze;135;3.9;131.2;8.6;138.5;0.7
2016;7;WZ08-56;Gastronomie;103.3;;103.1;0.4;103.4;-0.2
2016;7;WZ08-561;Restaurants & Cafes;104;-0.3;103.5;-0.3;104.2;-0.3
2016;7;WZ08-562;Caterer;100.4;-0.4;103.7;4.4;98.7;-2.9
2016;7;WZ08-563;Bars & Clubs;103.8;2.1;97.1;-4.1;105.6;3.6
2016;8;WZ08-55;Beherbergung;104.8;0.7;103.7;0.4;106.2;1.1
2016;8;WZ08-551;Hotels;104.1;0.6;103;-0.1;105.5;1.3
2016;8;WZ08-552;Ferienunterkünfte;108;-0.1;109.1;3.1;107.2;-2.3
2016;8;WZ08-553;Campingplätze;134.4;4.3;130.7;8.6;137.7;1.3
2016;8;WZ08-56;Gastronomie;103;-0.8;104.1;0.4;102.5;-1.3
2016;8;WZ08-561;Restaurants & Cafes;103.8;-0.6;104.5;-0.1;103.5;-0.8
2016;8;WZ08-562;Caterer;100.1;-1.2;104;4.7;98.1;-4.1
2016;8;WZ08-563;Bars & Clubs;102.6;-1.3;99.9;-6.3;103.4;0.1
2016;9;WZ08-55;Beherbergung;104.5;0.6;103.8;;105.2;1.3
2016;9;WZ08-551;Hotels;103.9;0.3;103.3;-0.4;104.6;1.1
2016;9;WZ08-552;Ferienunterkünfte;106.8;1.5;107.6;2.6;106.1;0.7
2016;9;WZ08-553;Campingplätze;127.6;7.7;123.9;6.2;131;9.2
2016;9;WZ08-56;Gastronomie;103.3;-0.2;104.7;0.2;102.6;-0.4
2016;9;WZ08-561;Restaurants & Cafes;103.5;-0.3;104.5;-0.5;103;-0.2
2016;9;WZ08-562;Caterer;102.4;0.1;104.7;3.6;101.3;-1.7
2016;9;WZ08-563;Bars & Clubs;103.2;-0.2;107.3;-2;102;0.3
2016;10;WZ08-55;Beherbergung;103.2;0.9;103.2;0.6;103.2;1.4
2016;10;WZ08-551;Hotels;103.1;0.9;102.9;0.4;103.3;1.5
2016;10;WZ08-552;Ferienunterkünfte;102.5;-0.7;105.3;0.3;100.7;-1.3
2016;10;WZ08-553;Campingplätze;111.7;9.8;115.2;11.5;108.5;8.2
2016;10;WZ08-56;Gastronomie;101.8;0.1;103.7;0.2;100.8;-0.1
2016;10;WZ08-561;Restaurants & Cafes;101.8;;103.3;-0.2;101;0.1
2016;10;WZ08-562;Caterer;102;0.2;104.7;3.1;100.6;-1.3
2016;10;WZ08-563;Bars & Clubs;101.4;;105.5;-2.1;100.3;0.7
2016;11;WZ08-55;Beherbergung;100.7;1.5;100.9;1.1;100.5;2
2016;11;WZ08-551;Hotels;101.2;1.5;101.1;1.1;101.3;2.1
2016;11;WZ08-552;Ferienunterkünfte;97;1;99.6;0.9;95.2;1.2
2016;11;WZ08-553;Campingplätze;89.5;9;92.8;9.4;86.6;8.7
2016;11;WZ08-56;Gastronomie;99;-0.5;99.9;;98.5;-0.8
2016;11;WZ08-561;Restaurants & Cafes;98.7;-0.6;99.1;-0.7;98.4;-0.7
2016;11;WZ08-562;Caterer;101.6;0.2;105.1;3.6;99.7;-1.7
2016;11;WZ08-563;Bars & Clubs;96.4;-1.1;93.7;-4.1;97.2;-0.2
2016;12;WZ08-55;Beherbergung;100.6;1.4;100;0.8;101.3;2.2
2016;12;WZ08-551;Hotels;101.4;1.7;100.2;0.7;102.8;2.9
2016;12;WZ08-552;Ferienunterkünfte;94.2;-1.1;98.4;1.9;91.5;-2.9
2016;12;WZ08-553;Campingplätze;81.2;5.3;85.5;8.6;77.4;2.1
2016;12;WZ08-56;Gastronomie;98.6;-0.7;99.3;0.4;98.2;-1.3
2016;12;WZ08-561;Restaurants & Cafes;97.8;-1.1;98.3;-0.2;97.5;-1.6
2016;12;WZ08-562;Caterer;102.2;1.4;105.4;3.9;100.6;0.1
2016;12;WZ08-563;Bars & Clubs;97.7;-1.6;93.1;-3.1;99;-1.2
2017;1;WZ08-55;Beherbergung;97.8;3.2;97.5;1.6;98.2;5.3
2017;1;WZ08-551;Hotels;98.7;3.4;97.8;1.5;99.8;5.7
2017;1;WZ08-552;Ferienunterkünfte;88.8;0.2;93.5;-0.3;85.7;0.4
2017;1;WZ08-553;Campingplätze;83.4;11.3;82.8;10;83.9;12.5
2017;1;WZ08-56;Gastronomie;96;1.4;97.1;1.1;95.4;1.4
2017;1;WZ08-561;Restaurants & Cafes;95;1.1;95.3;0.3;94.9;1.6
2017;1;WZ08-562;Caterer;100.1;2.8;105.1;3.6;97.5;2.3
2017;1;WZ08-563;Bars & Clubs;94.6;-0.2;93.8;2.3;94.8;-0.9
2017;2;WZ08-55;Beherbergung;97.8;2.6;97.3;0.7;98.5;4.9
2017;2;WZ08-551;Hotels;98.7;2.7;97.6;0.7;100.1;5.1
2017;2;WZ08-552;Ferienunterkünfte;88.9;0.5;93.5;-0.7;85.9;1.3
2017;2;WZ08-553;Campingplätze;83.8;11.1;83.8;8.3;83.8;13.9
2017;2;WZ08-56;Gastronomie;96.7;1.7;97.4;1.4;96.4;2
2017;2;WZ08-561;Restaurants & Cafes;95.9;1.5;95.8;0.5;96;2.1
2017;2;WZ08-562;Caterer;100.7;3.1;104.9;3.9;98.5;2.6
2017;2;WZ08-563;Bars & Clubs;94.8;0.4;93.1;2.6;95.3;-0.2
2017;3;WZ08-55;Beherbergung;99.5;1.7;98.5;-0.2;100.7;4.1
2017;3;WZ08-551;Hotels;100;1.9;98.6;-0.1;101.9;4.7
2017;3;WZ08-552;Ferienunterkünfte;93.1;-2.1;95.6;-3;91.4;-1.5
2017;3;WZ08-553;Campingplätze;92;1;97.2;;87.6;2.3
2017;3;WZ08-56;Gastronomie;99.1;1.5;100.1;1.1;98.6;1.9
2017;3;WZ08-561;Restaurants & Cafes;98.8;1.6;99.2;0.7;98.7;2.2
2017;3;WZ08-562;Caterer;101.6;2.7;105.9;3.4;99.4;2.4
2017;3;WZ08-563;Bars & Clubs;96.2;-0.9;93.6;-0.7;96.9;-1
2017;4;WZ08-55;Beherbergung;101.8;2.1;100.4;0.2;103.5;4.5
2017;4;WZ08-551;Hotels;101.7;2.2;100.2;0.3;103.7;4.9
2017;4;WZ08-552;Ferienunterkünfte;98.7;-1.2;98.9;-3;98.4;
2017;4;WZ08-553;Campingplätze;115;5.3;115.3;1.6;114.7;8.7
2017;4;WZ08-56;Gastronomie;102.1;2.5;102.8;1.7;101.8;3
2017;4;WZ08-561;Restaurants & Cafes;102.5;3.2;102.5;1.6;102.4;4.1
2017;4;WZ08-562;Caterer;102.3;2.6;105.5;2.7;100.6;2.4
2017;4;WZ08-563;Bars & Clubs;99.4;-1.9;97.7;-0.7;99.9;-2.3
2017;5;WZ08-55;Beherbergung;103.7;1.9;101.3;0.2;106.6;3.8
2017;5;WZ08-551;Hotels;103.5;2.2;100.9;0.3;106.7;4.4
2017;5;WZ08-552;Ferienunterkünfte;101.1;-2.4;100.6;-3.6;101.1;-1.7
2017;5;WZ08-553;Campingplätze;124.8;3.8;125.3;3.8;124.4;3.8
2017;5;WZ08-56;Gastronomie;103.9;1.9;103.6;1.1;104;2.3
2017;5;WZ08-561;Restaurants & Cafes;104.5;2.3;103.7;1.2;104.9;2.8
2017;5;WZ08-562;Caterer;103.4;2.8;105;2;102.6;3.2
2017;5;WZ08-563;Bars & Clubs;100.8;-2;99.4;-2.2;101.2;-2
2017;6;WZ08-55;Beherbergung;105.1;1.8;102.1;0.2;108.7;3.8
2017;6;WZ08-551;Hotels;104.5;1.9;101.6;0.3;108.2;3.6
2017;6;WZ08-552;Ferienunterkünfte;104.9;-0.1;102;-3.8;106.5;2.3
2017;6;WZ08-553;Campingplätze;137.1;9.9;131.6;5.4;141.9;14
2017;6;WZ08-56;Gastronomie;105.4;2.8;104.2;2.1;105.9;3
2017;6;WZ08-561;Restaurants & Cafes;106.1;2.9;104.4;2.1;107;3.4
2017;6;WZ08-562;Caterer;104.3;3.7;105.5;2.5;103.7;4.2
2017;6;WZ08-563;Bars & Clubs;101.9;-0.2;98.6;0.6;102.8;-0.4
2017;7;WZ08-55;Beherbergung;105.8;1.6;102.6;;109.8;3.7
2017;7;WZ08-551;Hotels;105;1.7;101.8;;108.9;3.7
2017;7;WZ08-552;Ferienunterkünfte;107.4;-0.8;105.1;-3.4;108.6;0.7
2017;7;WZ08-553;Campingplätze;145.1;7.5;137.1;4.5;152.2;9.9
2017;7;WZ08-56;Gastronomie;105.7;2.3;105.4;2.2;105.8;2.3
2017;7;WZ08-561;Restaurants & Cafes;106.3;2.2;105.4;1.8;106.8;2.5
2017;7;WZ08-562;Caterer;104.3;3.9;105.8;2;103.5;4.9
2017;7;WZ08-563;Bars & Clubs;103.7;-0.1;104.2;7.3;103.5;-2
2017;8;WZ08-55;Beherbergung;106.6;1.7;104.2;0.5;109.4;3
2017;8;WZ08-551;Hotels;105.8;1.6;103.7;0.7;108.5;2.8
2017;8;WZ08-552;Ferienunterkünfte;107.4;-0.6;105;-3.8;108.7;1.4
2017;8;WZ08-553;Campingplätze;143.5;6.8;136;4.1;150.1;9
2017;8;WZ08-56;Gastronomie;105;1.9;105.7;1.5;104.7;2.1
2017;8;WZ08-561;Restaurants & Cafes;105.6;1.7;105.8;1.2;105.5;1.9
2017;8;WZ08-562;Caterer;104.1;4;106;1.9;103.1;5.1
2017;8;WZ08-563;Bars & Clubs;102.5;-0.1;103.9;4;102;-1.4
2017;9;WZ08-55;Beherbergung;106.7;2.1;104.4;0.6;109.4;4
2017;9;WZ08-551;Hotels;106.2;2.2;104.1;0.8;109;4.2
2017;9;WZ08-552;Ferienunterkünfte;105.3;-1.4;103.9;-3.4;105.9;-0.2
2017;9;WZ08-553;Campingplätze;134.2;5.2;126.5;2.1;141;7.6
2017;9;WZ08-56;Gastronomie;105.2;1.8;107.2;2.4;104.2;1.6
2017;9;WZ08-561;Restaurants & Cafes;105.2;1.6;107;2.4;104.3;1.3
2017;9;WZ08-562;Caterer;105.7;3.2;107.6;2.8;104.6;3.3
2017;9;WZ08-563;Bars & Clubs;104.2;1;108.2;0.8;103;1
2017;10;WZ08-55;Beherbergung;105.6;2.3;103.2;;108.5;5.1
2017;10;WZ08-551;Hotels;105.4;2.2;102.9;;108.5;5
2017;10;WZ08-552;Ferienunterkünfte;104;1.5;102.7;-2.5;104.6;3.9
2017;10;WZ08-553;Campingplätze;122.5;9.7;120.6;4.7;124.2;14.5
2017;10;WZ08-56;Gastronomie;103.4;1.6;104.7;1;102.8;2
2017;10;WZ08-561;Restaurants & Cafes;103.4;1.6;103.9;0.6;103.1;2.1
2017;10;WZ08-562;Caterer;104.1;2.1;107.5;2.7;102.4;1.8
2017;10;WZ08-563;Bars & Clubs;102.6;1.2;105.2;-0.3;101.8;1.5
2017;11;WZ08-55;Beherbergung;102.7;2;101.1;0.2;104.7;4.2
2017;11;WZ08-551;Hotels;103.2;2;101.3;0.2;105.7;4.3
2017;11;WZ08-552;Ferienunterkünfte;96.8;-0.2;97.8;-1.8;96;0.8
2017;11;WZ08-553;Campingplätze;99.9;11.6;101.7;9.6;98.2;13.4
2017;11;WZ08-56;Gastronomie;101.2;2.2;100.8;0.9;101.4;2.9
2017;11;WZ08-561;Restaurants & Cafes;100.8;2.1;99.4;0.3;101.6;3.3
2017;11;WZ08-562;Caterer;104.4;2.8;108.5;3.2;102.3;2.6
2017;11;WZ08-563;Bars & Clubs;98.2;1.9;94.6;1;99.2;2.1
2017;12;WZ08-55;Beherbergung;102.2;1.6;100.3;0.3;104.5;3.2
2017;12;WZ08-551;Hotels;103;1.6;100.6;0.4;106;3.1
2017;12;WZ08-552;Ferienunterkünfte;93.9;-0.3;95.5;-2.9;92.7;1.3
2017;12;WZ08-553;Campingplätze;90.3;11.2;90.8;6.2;89.9;16.1
2017;12;WZ08-56;Gastronomie;101.4;2.8;100.6;1.3;101.8;3.7
2017;12;WZ08-561;Restaurants & Cafes;100.4;2.7;99;0.7;101.2;3.8
2017;12;WZ08-562;Caterer;106.3;4;109;3.4;104.9;4.3
2017;12;WZ08-563;Bars & Clubs;99;1.3;94.2;1.2;100.3;1.3
2018;1;WZ08-55;Beherbergung;98;0.2;97;-0.5;99.2;1
2018;1;WZ08-551;Hotels;98.8;0.1;97.2;-0.6;100.8;1
2018;1;WZ08-552;Ferienunterkünfte;90.3;1.7;95.2;1.8;87.2;1.8
2018;1;WZ08-553;Campingplätze;83.1;-0.4;84.4;1.9;82;-2.3
2018;1;WZ08-56;Gastronomie;97.9;2;98.5;1.4;97.6;2.3
2018;1;WZ08-561;Restaurants & Cafes;97.5;2.6;97.1;1.9;97.7;3
2018;1;WZ08-562;Caterer;100.4;0.3;106.1;1;97.4;-0.1
2018;1;WZ08-563;Bars & Clubs;95.6;1.1;90.7;-3.3;96.9;2.2
2018;2;WZ08-55;Beherbergung;97.7;-0.1;96.9;-0.4;98.6;0.1
2018;2;WZ08-551;Hotels;98.4;-0.3;97;-0.6;100.2;0.1
2018;2;WZ08-552;Ferienunterkünfte;90.5;1.8;96.3;3;86.9;1.2
2018;2;WZ08-553;Campingplätze;84.1;0.4;85.7;2.3;82.7;-1.3
2018;2;WZ08-56;Gastronomie;97.7;1;98.1;0.7;97.5;1.1
2018;2;WZ08-561;Restaurants & Cafes;97.2;1.4;96.9;1.1;97.4;1.5
2018;2;WZ08-562;Caterer;99.8;-0.9;105;0.1;97.2;-1.3
2018;2;WZ08-563;Bars & Clubs;96.6;1.9;91;-2.3;98.1;2.9
2018;3;WZ08-55;Beherbergung;100;0.5;98.4;-0.1;102.1;1.4
2018;3;WZ08-551;Hotels;100.4;0.4;98.3;-0.3;103.1;1.2
2018;3;WZ08-552;Ferienunterkünfte;95.5;2.6;98.8;3.3;93.3;2.1
2018;3;WZ08-553;Campingplätze;96.5;4.9;97.3;0.1;95.7;9.2
2018;3;WZ08-56;Gastronomie;100.1;1;100.9;0.8;99.7;1.1
2018;3;WZ08-561;Restaurants & Cafes;100.3;1.5;100.2;1;100.4;1.7
2018;3;WZ08-562;Caterer;100.7;-0.9;106.1;0.2;97.9;-1.5
2018;3;WZ08-563;Bars & Clubs;97.6;1.5;93.5;-0.1;98.8;2
2018;4;WZ08-55;Beherbergung;101.8;;99.7;-0.7;104.3;0.8
2018;4;WZ08-551;Hotels;101.6;-0.1;99.4;-0.8;104.4;0.7
2018;4;WZ08-552;Ferienunterkünfte;99.2;0.5;100.2;1.3;98.3;-0.1
2018;4;WZ08-553;Campingplätze;117.9;2.5;112.8;-2.2;122.5;6.8
2018;4;WZ08-56;Gastronomie;102.6;0.5;103.1;0.3;102.4;0.6
2018;4;WZ08-561;Restaurants & Cafes;103.5;1;103;0.5;103.8;1.4
2018;4;WZ08-562;Caterer;101.2;-1.1;106.3;0.8;98.6;-2
2018;4;WZ08-563;Bars & Clubs;99.4;;94.3;-3.5;100.9;1
2018;5;WZ08-55;Beherbergung;104;0.3;100.9;-0.4;107.7;1
2018;5;WZ08-551;Hotels;103.5;;100.5;-0.4;107.4;0.7
2018;5;WZ08-552;Ferienunterkünfte;102.5;1.4;102.7;2.1;102.1;1
2018;5;WZ08-553;Campingplätze;130.2;4.3;116.8;-6.8;142.1;14.2
2018;5;WZ08-56;Gastronomie;105.1;1.2;105.1;1.4;105.1;1.1
2018;5;WZ08-561;Restaurants & Cafes;105.5;1;105.2;1.4;105.7;0.8
2018;5;WZ08-562;Caterer;103.3;-0.1;107.4;2.3;101.2;-1.4
2018;5;WZ08-563;Bars & Clubs;105.3;4.5;97.7;-1.7;107.4;6.1
2018;6;WZ08-55;Beherbergung;104.8;-0.3;101.2;-0.9;109.1;0.4
2018;6;WZ08-551;Hotels;104.3;-0.2;100.8;-0.8;108.8;0.6
2018;6;WZ08-552;Ferienunterkünfte;102.9;-1.9;102.9;0.9;102.6;-3.7
2018;6;WZ08-553;Campingplätze;136.1;-0.7;122.5;-6.9;148.2;4.4
2018;6;WZ08-56;Gastronomie;106.9;1.4;106.2;1.9;107.2;1.2
2018;6;WZ08-561;Restaurants & Cafes;107.3;1.1;106.9;2.4;107.5;0.5
2018;6;WZ08-562;Caterer;104;-0.3;107.2;1.6;102.4;-1.3
2018;6;WZ08-563;Bars & Clubs;109.2;7.2;96.6;-2;112.5;9.4
2018;7;WZ08-55;Beherbergung;105.5;-0.3;100.8;-1.8;111.1;1.2
2018;7;WZ08-551;Hotels;104.8;-0.2;100.3;-1.5;110.6;1.6
2018;7;WZ08-552;Ferienunterkünfte;104.2;-3;102.6;-2.4;104.7;-3.6
2018;7;WZ08-553;Campingplätze;143.7;-1;127.5;-7;158.1;3.9
2018;7;WZ08-56;Gastronomie;106.8;1;106.7;1.2;106.8;0.9
2018;7;WZ08-561;Restaurants & Cafes;108;1.6;107.6;2.1;108.3;1.4
2018;7;WZ08-562;Caterer;104.1;-0.2;107.4;1.5;102.4;-1.1
2018;7;WZ08-563;Bars & Clubs;103.3;-0.4;95.7;-8.2;105.3;1.7
2018;8;WZ08-55;Beherbergung;106.8;0.2;103;-1.2;111.3;1.7
2018;8;WZ08-551;Hotels;106.2;0.4;102.5;-1.2;110.9;2.2
2018;8;WZ08-552;Ferienunterkünfte;104.8;-2.4;104.1;-0.9;104.9;-3.5
2018;8;WZ08-553;Campingplätze;143.3;-0.1;128;-5.9;157.1;4.7
2018;8;WZ08-56;Gastronomie;106.6;1.5;107.6;1.8;106.1;1.3
2018;8;WZ08-561;Restaurants & Cafes;107.9;2.2;108.2;2.3;107.7;2.1
2018;8;WZ08-562;Caterer;104.5;0.4;107.6;1.5;102.9;-0.2
2018;8;WZ08-563;Bars & Clubs;102;-0.5;102.6;-1.3;102;
2018;9;WZ08-55;Beherbergung;106.4;-0.3;103.2;-1.1;110.3;0.8
2018;9;WZ08-551;Hotels;106;-0.2;102.8;-1.2;110.2;1.1
2018;9;WZ08-552;Ferienunterkünfte;103.8;-1.4;103.8;-0.1;103.4;-2.4
2018;9;WZ08-553;Campingplätze;133.1;-0.8;121.3;-4.1;143.5;1.8
2018;9;WZ08-56;Gastronomie;105.9;0.7;107.2;;105.2;1
2018;9;WZ08-561;Restaurants & Cafes;106.6;1.3;107;;106.4;2
2018;9;WZ08-562;Caterer;105.4;-0.3;108.2;0.6;103.9;-0.7
2018;9;WZ08-563;Bars & Clubs;102;-2.1;108.1;-0.1;100.7;-2.2
2018;10;WZ08-55;Beherbergung;105.4;-0.2;102.3;-0.9;109.1;0.6
2018;10;WZ08-551;Hotels;105.2;-0.2;102;-0.9;109.3;0.7
2018;10;WZ08-552;Ferienunterkünfte;102.3;-1.6;102.1;-0.6;102.1;-2.4
2018;10;WZ08-553;Campingplätze;121;-1.2;116.5;-3.4;125.1;0.7
2018;10;WZ08-56;Gastronomie;104;0.6;106.8;2;102.6;-0.2
2018;10;WZ08-561;Restaurants & Cafes;104.5;1.1;106.4;2.4;103.5;0.4
2018;10;WZ08-562;Caterer;105;0.9;109.4;1.8;102.7;0.3
2018;10;WZ08-563;Bars & Clubs;98.6;-3.9;104.2;-1;97.3;-4.4
2018;11;WZ08-55;Beherbergung;102.8;0.1;100;-1.1;106.2;1.4
2018;11;WZ08-551;Hotels;103.4;0.2;100;-1.3;107.7;1.9
2018;11;WZ08-552;Ferienunterkünfte;95.9;-0.9;98.9;1.1;93.9;-2.2
2018;11;WZ08-553;Campingplätze;96;-3.9;98.6;-3;93.5;-4.8
2018;11;WZ08-56;Gastronomie;102.5;1.3;103;2.2;102.2;0.8
2018;11;WZ08-561;Restaurants & Cafes;101.8;1;102.3;2.9;101.6;
2018;11;WZ08-562;Caterer;106.5;2;109.5;0.9;104.9;2.5
2018;11;WZ08-563;Bars & Clubs;99.2;1;92.6;-2.1;101;1.8
2018;12;WZ08-55;Beherbergung;102.3;0.1;99.9;-0.4;105.2;0.7
2018;12;WZ08-551;Hotels;103.1;0.1;100.1;-0.5;107;0.9
2018;12;WZ08-552;Ferienunterkünfte;93.7;-0.2;97.5;2.1;91.3;-1.5
2018;12;WZ08-553;Campingplätze;90;-0.3;92.1;1.4;88.2;-1.9
2018;12;WZ08-56;Gastronomie;101.8;0.4;102.4;1.8;101.5;-0.3
2018;12;WZ08-561;Restaurants & Cafes;101.2;0.8;101.3;2.3;101.2;
2018;12;WZ08-562;Caterer;106.6;0.3;109.3;0.3;105.2;0.3
2018;12;WZ08-563;Bars & Clubs;96.4;-2.6;93.8;-0.4;97.1;-3.2
2019;1;WZ08-55;Beherbergung;100;2;98.2;1.2;102.1;2.9
2019;1;WZ08-551;Hotels;100.8;2;98.5;1.3;103.8;3
2019;1;WZ08-552;Ferienunterkünfte;90.2;-0.1;95.3;0.1;86.7;-0.6
2019;1;WZ08-553;Campingplätze;88.1;6;83;-1.7;92.6;12.9
2019;1;WZ08-56;Gastronomie;98.8;0.9;100.4;1.9;98;0.4
2019;1;WZ08-561;Restaurants & Cafes;98;0.5;99;2;97.5;-0.2
2019;1;WZ08-562;Caterer;104.4;4;108.6;2.4;102.2;4.9
2019;1;WZ08-563;Bars & Clubs;94.3;-1.4;90.7;;95.2;-1.8
2019;2;WZ08-55;Beherbergung;99.5;1.8;97.9;1;101.4;2.8
2019;2;WZ08-551;Hotels;100.2;1.8;98.1;1.1;102.9;2.7
2019;2;WZ08-552;Ferienunterkünfte;91.5;1.1;97.3;1;87.6;0.8
2019;2;WZ08-553;Campingplätze;88.7;5.5;83.6;-2.5;93.3;12.8
2019;2;WZ08-56;Gastronomie;99.9;2.3;100.9;2.9;99.4;1.9
2019;2;WZ08-561;Restaurants & Cafes;99.3;2.2;99.4;2.6;99.2;1.8
2019;2;WZ08-562;Caterer;105.8;6;109.6;4.4;103.8;6.8
2019;2;WZ08-563;Bars & Clubs;93.6;-3.1;90.9;-0.1;94.4;-3.8
2019;3;WZ08-55;Beherbergung;101.4;1.4;99.8;1.4;103.4;1.3
2019;3;WZ08-551;Hotels;101.9;1.5;99.8;1.5;104.5;1.4
2019;3;WZ08-552;Ferienunterkünfte;96.2;0.7;100;1.2;93.6;0.3
2019;3;WZ08-553;Campingplätze;96.5;;96.7;-0.6;96.3;0.6
2019;3;WZ08-56;Gastronomie;101.8;1.7;102.9;2;101.2;1.5
2019;3;WZ08-561;Restaurants & Cafes;101.5;1.2;101.9;1.7;101.3;0.9
2019;3;WZ08-562;Caterer;106.2;5.5;110.2;3.9;104.2;6.4
2019;3;WZ08-563;Bars & Clubs;95;-2.7;92.7;-0.9;95.6;-3.2
2019;4;WZ08-55;Beherbergung;103.3;1.5;100.8;1.1;106.4;2
2019;4;WZ08-551;Hotels;103.2;1.6;100.5;1.1;106.6;2.1
2019;4;WZ08-552;Ferienunterkünfte;101;1.8;101.1;0.9;100.8;2.5
2019;4;WZ08-553;Campingplätze;119.1;1;116.9;3.6;121;-1.2
2019;4;WZ08-56;Gastronomie;104.6;1.9;104.7;1.6;104.5;2.1
2019;4;WZ08-561;Restaurants & Cafes;105;1.4;104.2;1.2;105.4;1.5
2019;4;WZ08-562;Caterer;106.9;5.6;109.9;3.4;105.4;6.9
2019;4;WZ08-563;Bars & Clubs;97;-2.4;95.4;1.2;97.5;-3.4
2019;5;WZ08-55;Beherbergung;104.6;0.6;101.5;0.6;108.4;0.6
2019;5;WZ08-551;Hotels;104.3;0.8;100.9;0.4;108.5;1
2019;5;WZ08-552;Ferienunterkünfte;102.7;0.2;103.3;0.6;102.2;0.1
2019;5;WZ08-553;Campingplätze;128.1;-1.6;125.2;7.2;130.7;-8
2019;5;WZ08-56;Gastronomie;106.4;1.2;105.5;0.4;106.8;1.6
2019;5;WZ08-561;Restaurants & Cafes;106.8;1.2;104.9;-0.3;107.7;1.9
2019;5;WZ08-562;Caterer;108.4;4.9;110.5;2.9;107.2;5.9
2019;5;WZ08-563;Bars & Clubs;100.2;-4.8;97.8;0.1;100.8;-6.1
2019;6;WZ08-55;Beherbergung;104.8;;101.8;0.6;108.4;-0.6
2019;6;WZ08-551;Hotels;104.1;-0.2;101.1;0.3;107.9;-0.8
2019;6;WZ08-552;Ferienunterkünfte;104.5;1.6;105.3;2.3;103.8;1.2
2019;6;WZ08-553;Campingplätze;139.8;2.7;130.9;6.9;147.8;-0.3
2019;6;WZ08-56;Gastronomie;107.8;0.8;107.3;1;108;0.7
2019;6;WZ08-561;Restaurants & Cafes;109;1.6;107;0.1;110.1;2.4
2019;6;WZ08-562;Caterer;108.5;4.3;111.5;4;106.9;4.4
2019;6;WZ08-563;Bars & Clubs;97.9;-10.3;99.2;2.7;97.7;-13.2
2019;7;WZ08-55;Beherbergung;105.9;0.4;102.5;1.7;110.1;-0.9
2019;7;WZ08-551;Hotels;105.1;0.3;101.7;1.4;109.5;-1
2019;7;WZ08-552;Ferienunterkünfte;105.8;1.5;105.7;3;105.6;0.9
2019;7;WZ08-553;Campingplätze;145.5;1.3;135.8;6.5;154.1;-2.5
2019;7;WZ08-56;Gastronomie;108.1;1.2;108.8;2;107.8;0.9
2019;7;WZ08-561;Restaurants & Cafes;109.4;1.3;109;1.3;109.6;1.2
2019;7;WZ08-562;Caterer;108.2;3.9;111.8;4.1;106.3;3.8
2019;7;WZ08-563;Bars & Clubs;99.2;-4;97.9;2.3;99.6;-5.4
2019;8;WZ08-55;Beherbergung;106.7;-0.1;104.1;1.1;109.8;-1.3
2019;8;WZ08-551;Hotels;105.9;-0.3;103.5;1;109;-1.7
2019;8;WZ08-552;Ferienunterkünfte;106.2;1.3;106;1.8;106;1
2019;8;WZ08-553;Campingplätze;146.2;2;136.3;6.5;155;-1.3
2019;8;WZ08-56;Gastronomie;108.9;2.2;109.4;1.7;108.6;2.4
2019;8;WZ08-561;Restaurants & Cafes;110;1.9;109.4;1.1;110.3;2.4
2019;8;WZ08-562;Caterer;109.7;5;111.6;3.7;108.7;5.6
2019;8;WZ08-563;Bars & Clubs;99.2;-2.7;103.8;1.2;98.2;-3.7
2019;9;WZ08-55;Beherbergung;106.4;;104;0.8;109.2;-1
2019;9;WZ08-551;Hotels;106;;103.6;0.8;109.1;-1
2019;9;WZ08-552;Ferienunterkünfte;104;0.2;105.6;1.7;102.9;-0.5
2019;9;WZ08-553;Campingplätze;132.3;-0.6;123.6;1.9;140.1;-2.4
2019;9;WZ08-56;Gastronomie;108.6;2.5;110.5;3.1;107.7;2.4
2019;9;WZ08-561;Restaurants & Cafes;109.3;2.5;110;2.8;108.9;2.3
2019;9;WZ08-562;Caterer;110.4;4.7;112.9;4.3;109.1;5
2019;9;WZ08-563;Bars & Clubs;100.4;-1.6;110.4;2.1;98.1;-2.6
2019;10;WZ08-55;Beherbergung;105.5;0.1;103.4;1.1;108;-1
2019;10;WZ08-551;Hotels;105.4;0.2;103.2;1.2;108.3;-0.9
2019;10;WZ08-552;Ferienunterkünfte;103;0.7;104.3;2.2;101.9;-0.2
2019;10;WZ08-553;Campingplätze;118.2;-2.3;115.3;-1;120.8;-3.4
2019;10;WZ08-56;Gastronomie;106;1.9;108.8;1.9;104.6;1.9
2019;10;WZ08-561;Restaurants & Cafes;105.8;1.2;108.1;1.6;104.6;1.1
2019;10;WZ08-562;Caterer;109.8;4.6;113.6;3.8;107.8;5
2019;10;WZ08-563;Bars & Clubs;100.3;1.7;103.7;-0.5;99.6;2.4
2019;11;WZ08-55;Beherbergung;102.9;0.1;100.6;0.6;105.6;-0.6
2019;11;WZ08-551;Hotels;103.2;-0.2;100.6;0.6;106.5;-1.1
2019;11;WZ08-552;Ferienunterkünfte;98.1;2.3;99.7;0.8;96.8;3.1
2019;11;WZ08-553;Campingplätze;100.5;4.7;100.1;1.5;101;8
2019;11;WZ08-56;Gastronomie;103.8;1.3;104.7;1.7;103.4;1.2
2019;11;WZ08-561;Restaurants & Cafes;103.5;1.7;103.4;1.1;103.5;1.9
2019;11;WZ08-562;Caterer;108.8;2.2;113.4;3.6;106.5;1.5
2019;11;WZ08-563;Bars & Clubs;97.1;-2.1;93.1;0.5;98.2;-2.8
2019;12;WZ08-55;Beherbergung;102.7;0.4;100.1;0.2;105.7;0.5
2019;12;WZ08-551;Hotels;103.3;0.2;100.3;0.2;107.1;0.1
2019;12;WZ08-552;Ferienunterkünfte;95.6;2;98.6;1.1;93.4;2.3
2019;12;WZ08-553;Campingplätze;94.3;4.8;92.3;0.2;96.1;9
2019;12;WZ08-56;Gastronomie;104.4;2.6;104.8;2.3;104.2;2.7
2019;12;WZ08-561;Restaurants & Cafes;103.4;2.2;103.6;2.3;103.3;2.1
2019;12;WZ08-562;Caterer;111.2;4.3;113.1;3.5;110.2;4.8
2019;12;WZ08-563;Bars & Clubs;98.7;2.4;92.9;-1;100.2;3.2
2020;1;WZ08-55;Beherbergung;100.4;0.4;99;0.8;102.1;
2020;1;WZ08-551;Hotels;101;0.2;99.2;0.7;103.4;-0.4
2020;1;WZ08-552;Ferienunterkünfte;93.3;3.4;98.2;3;90.1;3.9
2020;1;WZ08-553;Campingplätze;89.3;1.4;87;4.8;91.4;-1.3
2020;1;WZ08-56;Gastronomie;100.7;1.9;103.5;3.1;99.3;1.3
2020;1;WZ08-561;Restaurants & Cafes;100.1;2.1;102;3;99.2;1.7
2020;1;WZ08-562;Caterer;106.6;2.1;113.2;4.2;103.1;0.9
2020;1;WZ08-563;Bars & Clubs;93.2;-1.2;90.2;-0.6;94;-1.3
2020;2;WZ08-55;Beherbergung;99.7;0.2;98.9;1;100.8;-0.6
2020;2;WZ08-551;Hotels;100.4;0.2;99;0.9;102.1;-0.8
2020;2;WZ08-552;Ferienunterkünfte;92.7;1.3;98.9;1.6;88.6;1.1
2020;2;WZ08-553;Campingplätze;87.4;-1.5;84.9;1.6;89.7;-3.9
2020;2;WZ08-56;Gastronomie;101.5;1.6;103.8;2.9;100.4;1
2020;2;WZ08-561;Restaurants & Cafes;100.9;1.6;102.5;3.1;100;0.8
2020;2;WZ08-562;Caterer;107.4;1.5;112.8;2.9;104.5;0.7
2020;2;WZ08-563;Bars & Clubs;94.7;1.2;89.9;-1.1;96;1.7
2020;3;WZ08-55;Beherbergung;96.2;-5.1;97.6;-2.2;94.6;-8.5
2020;3;WZ08-551;Hotels;96.4;-5.4;97.5;-2.3;94.9;-9.2
2020;3;WZ08-552;Ferienunterkünfte;93.9;-2.4;98.9;-1.1;90.5;-3.3
2020;3;WZ08-553;Campingplätze;91.3;-5.4;93.4;-3.4;89.4;-7.2
2020;3;WZ08-56;Gastronomie;95.8;-5.9;102.6;-0.3;92.6;-8.5
2020;3;WZ08-561;Restaurants & Cafes;95.4;-6;101.1;-0.8;92.6;-8.6
2020;3;WZ08-562;Caterer;103.8;-2.3;111.8;1.5;99.6;-4.4
2020;3;WZ08-563;Bars & Clubs;83.5;-12.1;91.4;-1.4;81.7;-14.5
2020;4;WZ08-55;Beherbergung;81.1;-21.5;90.9;-9.8;69.4;-34.8
2020;4;WZ08-551;Hotels;80.7;-21.8;90.6;-9.9;68.1;-36.1
2020;4;WZ08-552;Ferienunterkünfte;80.6;-20.2;92;-9;73.2;-27.4
2020;4;WZ08-553;Campingplätze;91.3;-23.3;94.7;-19;88.3;-27
2020;4;WZ08-56;Gastronomie;76.9;-26.5;95;-9.3;68.3;-34.6
2020;4;WZ08-561;Restaurants & Cafes;75.1;-28.5;92.7;-11;66.3;-37.1
2020;4;WZ08-562;Caterer;94.9;-11.2;107.4;-2.3;88.6;-15.9
2020;4;WZ08-563;Bars & Clubs;54.6;-43.7;83.1;-12.9;47.8;-51
2020;5;WZ08-55;Beherbergung;82.3;-21.3;91;-10.3;71.7;-33.9
2020;5;WZ08-551;Hotels;81.5;-21.9;90.5;-10.3;70.1;-35.4
2020;5;WZ08-552;Ferienunterkünfte;81.4;-20.7;92.4;-10.6;74.3;-27.3
2020;5;WZ08-553;Campingplätze;111.2;-13.2;112;-10.5;110.6;-15.4
2020;5;WZ08-56;Gastronomie;82.6;-22.4;97.7;-7.4;75.4;-29.4
2020;5;WZ08-561;Restaurants & Cafes;83;-22.3;96.5;-8;76.2;-29.2
2020;5;WZ08-562;Caterer;94.2;-13.1;106.2;-3.9;88;-17.9
2020;5;WZ08-563;Bars & Clubs;56.9;-43.2;85.5;-12.6;50.2;-50.2
2020;6;WZ08-55;Beherbergung;87.2;-16.8;94;-7.7;78.9;-27.2
2020;6;WZ08-551;Hotels;86.1;-17.3;93.2;-7.8;77;-28.6
2020;6;WZ08-552;Ferienunterkünfte;88.7;-15.1;96.3;-8.5;83.6;-19.5
2020;6;WZ08-553;Campingplätze;127;-9.2;125.7;-4;128.1;-13.3
2020;6;WZ08-56;Gastronomie;86.8;-19.5;100.2;-6.6;80.5;-25.5
2020;6;WZ08-561;Restaurants & Cafes;88.6;-18.7;99.7;-6.8;83;-24.6
2020;6;WZ08-562;Caterer;93.3;-14;105.7;-5.2;87;-18.6
2020;6;WZ08-563;Bars & Clubs;61.4;-37.3;88.6;-10.7;54.9;-43.8
2020;7;WZ08-55;Beherbergung;90.5;-14.5;95.2;-7.1;84.9;-22.9
2020;7;WZ08-551;Hotels;89.2;-15.1;94.2;-7.4;82.9;-24.3
2020;7;WZ08-552;Ferienunterkünfte;93.2;-11.9;100.3;-5.1;88.5;-16.2
2020;7;WZ08-553;Campingplätze;137.4;-5.6;132.6;-2.4;141.8;-8
2020;7;WZ08-56;Gastronomie;90.2;-16.6;101.5;-6.7;84.8;-21.3
2020;7;WZ08-561;Restaurants & Cafes;93.2;-14.8;101.9;-6.5;88.8;-19
2020;7;WZ08-562;Caterer;92.6;-14.4;104.3;-6.7;86.5;-18.6
2020;7;WZ08-563;Bars & Clubs;64;-35.5;89.1;-9;58.1;-41.7
2020;8;WZ08-55;Beherbergung;92.5;-13.3;95.8;-8;88.5;-19.4
2020;8;WZ08-551;Hotels;91.3;-13.8;94.8;-8.4;86.8;-20.4
2020;8;WZ08-552;Ferienunterkünfte;95.1;-10.5;102;-3.8;90.6;-14.5
2020;8;WZ08-553;Campingplätze;138.7;-5.1;135.3;-0.7;141.8;-8.5
2020;8;WZ08-56;Gastronomie;92.3;-15.2;102.9;-5.9;87.2;-19.7
2020;8;WZ08-561;Restaurants & Cafes;95.3;-13.4;103.6;-5.3;91.1;-17.4
2020;8;WZ08-562;Caterer;94.4;-13.9;104.7;-6.2;89.1;-18
2020;8;WZ08-563;Bars & Clubs;66.4;-33.1;89.9;-13.4;60.9;-38
2020;9;WZ08-55;Beherbergung;92.7;-12.9;96.1;-7.6;88.5;-19
2020;9;WZ08-551;Hotels;91.7;-13.5;95.4;-7.9;87;-20.3
2020;9;WZ08-552;Ferienunterkünfte;93.7;-9.9;100.5;-4.8;89.1;-13.4
2020;9;WZ08-553;Campingplätze;133.5;0.9;126.7;2.5;139.6;-0.4
2020;9;WZ08-56;Gastronomie;93;-14.4;102.6;-7.1;88.5;-17.8
2020;9;WZ08-561;Restaurants & Cafes;96.2;-12;103.3;-6.1;92.7;-14.9
2020;9;WZ08-562;Caterer;94.2;-14.7;104.4;-7.5;89;-18.4
2020;9;WZ08-563;Bars & Clubs;67.6;-32.7;89.3;-19.1;62.5;-36.3
2020;10;WZ08-55;Beherbergung;90.8;-13.9;94.8;-8.3;86;-20.4
2020;10;WZ08-551;Hotels;90.1;-14.5;94.2;-8.7;84.9;-21.6
2020;10;WZ08-552;Ferienunterkünfte;90.8;-11.8;97.8;-6.2;86.2;-15.4
2020;10;WZ08-553;Campingplätze;120.8;2.2;117.6;2;123.7;2.4
2020;10;WZ08-56;Gastronomie;90.5;-14.6;100.8;-7.4;85.6;-18.2
2020;10;WZ08-561;Restaurants & Cafes;93.4;-11.7;101;-6.6;89.6;-14.3
2020;10;WZ08-562;Caterer;93.2;-15.1;103.9;-8.5;87.7;-18.6
2020;10;WZ08-563;Bars & Clubs;64.5;-35.7;89.8;-13.4;58.6;-41.2
2020;11;WZ08-55;Beherbergung;81.7;-20.6;91;-9.5;70.4;-33.3
2020;11;WZ08-551;Hotels;81.2;-21.3;90.6;-9.9;69.1;-35.1
2020;11;WZ08-552;Ferienunterkünfte;81.3;-17.1;93.4;-6.3;73.4;-24.2
2020;11;WZ08-553;Campingplätze;99.7;-0.8;103.7;3.6;96.2;-4.8
2020;11;WZ08-56;Gastronomie;77.7;-25.1;95.5;-8.8;69.3;-33
2020;11;WZ08-561;Restaurants & Cafes;78.2;-24.4;94.7;-8.4;70;-32.4
2020;11;WZ08-562;Caterer;89.9;-17.4;102.2;-9.9;83.7;-21.4
2020;11;WZ08-563;Bars & Clubs;49.9;-48.6;84.1;-9.7;41.8;-57.4
2020;12;WZ08-55;Beherbergung;77.3;-24.7;87.9;-12.2;64.6;-38.9
2020;12;WZ08-551;Hotels;77;-25.5;87.5;-12.8;63.5;-40.7
2020;12;WZ08-552;Ferienunterkünfte;76.1;-20.4;91.3;-7.4;66.3;-29
2020;12;WZ08-553;Campingplätze;89.2;-5.4;94;1.8;84.9;-11.7
2020;12;WZ08-56;Gastronomie;73.5;-29.6;92.1;-12.1;64.6;-38
2020;12;WZ08-561;Restaurants & Cafes;73.1;-29.3;90.7;-12.5;64.3;-37.8
2020;12;WZ08-562;Caterer;88.2;-20.7;100.1;-11.5;82.1;-25.5
2020;12;WZ08-563;Bars & Clubs;46.7;-52.7;83.9;-9.7;37.9;-62.2
2021;1;WZ08-55;Beherbergung;78.6;-21.7;;;;
2021;1;WZ08-551;Hotels;78.8;-22;;;;
2021;1;WZ08-552;Ferienunterkünfte;77.8;-16.6;;;;
2021;1;WZ08-553;Campingplätze;87.1;-2.5;;;;
2021;1;WZ08-56;Gastronomie;77.3;-23.2;;;;
2021;1;WZ08-561;Restaurants & Cafes;76.8;-23.3;;;;
2021;1;WZ08-562;Caterer;89.9;-15.7;;;;
2021;1;WZ08-563;Bars & Clubs;47;-49.6;;;;
2021;2;WZ08-55;Beherbergung;77.4;-22.4;;;;
2021;2;WZ08-551;Hotels;77.5;-22.8;;;;
2021;2;WZ08-552;Ferienunterkünfte;77.1;-16.8;;;;
2021;2;WZ08-553;Campingplätze;85.4;-2.3;;;;
2021;2;WZ08-56;Gastronomie;76.6;-24.5;;;;
2021;2;WZ08-561;Restaurants & Cafes;76.1;-24.6;;;;
2021;2;WZ08-562;Caterer;89.3;-16.9;;;;
2021;2;WZ08-563;Bars & Clubs;46.4;-51;;;;
2021;3;WZ08-55;Beherbergung;77;-20;;;;
2021;3;WZ08-551;Hotels;76.8;-20.3;;;;
2021;3;WZ08-552;Ferienunterkünfte;78;-16.9;;;;
2021;3;WZ08-553;Campingplätze;88.8;-2.7;;;;
2021;3;WZ08-56;Gastronomie;76.9;-19.7;;;;
2021;3;WZ08-561;Restaurants & Cafes;76.7;-19.6;;;;
2021;3;WZ08-562;Caterer;89.1;-14.2;;;;
2021;3;WZ08-563;Bars & Clubs;46.4;-44.4;;;;
2021;4;WZ08-55;Beherbergung;76.8;-5.3;;;;
2021;4;WZ08-551;Hotels;76.3;-5.5;;;;
2021;4;WZ08-552;Ferienunterkünfte;78;-3.2;;;;
2021;4;WZ08-553;Campingplätze;97.4;6.7;;;;
2021;4;WZ08-56;Gastronomie;76.4;-0.7;;;;
2021;4;WZ08-561;Restaurants & Cafes;76.4;1.7;;;;
2021;4;WZ08-562;Caterer;88.4;-6.8;;;;
2021;4;WZ08-563;Bars & Clubs;45.6;-16.5;;;;
2021;5;WZ08-55;Beherbergung;78;-5.2;;;;
2021;5;WZ08-551;Hotels;76.9;-5.6;;;;
2021;5;WZ08-552;Ferienunterkünfte;80.6;-1;;;;
2021;5;WZ08-553;Campingplätze;111.9;0.6;;;;
2021;5;WZ08-56;Gastronomie;77.8;-5.8;;;;
2021;5;WZ08-561;Restaurants & Cafes;78.4;-5.5;;;;
2021;5;WZ08-562;Caterer;88.6;-5.9;;;;
2021;5;WZ08-563;Bars & Clubs;47.9;-15.8;;;;
2021;6;WZ08-55;Beherbergung;81.7;-6.3;;;;
2021;6;WZ08-551;Hotels;80;-7.1;;;;
2021;6;WZ08-552;Ferienunterkünfte;86.9;-2;;;;
2021;6;WZ08-553;Campingplätze;129.8;2.2;;;;
2021;6;WZ08-56;Gastronomie;81.9;-5.6;;;;
2021;6;WZ08-561;Restaurants & Cafes;83.7;-5.5;;;;
2021;6;WZ08-562;Caterer;88.9;-4.7;;;;
2021;6;WZ08-563;Bars & Clubs;57.3;-6.7;;;;
2021;7;WZ08-55;Beherbergung;83.8;-7.4;;;;
2021;7;WZ08-551;Hotels;81.2;-9;;;;
2021;7;WZ08-552;Ferienunterkünfte;93.2;0;;;;
2021;7;WZ08-553;Campingplätze;142.4;3.6;;;;
2021;7;WZ08-56;Gastronomie;84.8;-6;;;;
2021;7;WZ08-561;Restaurants & Cafes;87.5;-6.1;;;;
2021;7;WZ08-562;Caterer;89.8;-3;;;;
2021;7;WZ08-563;Bars & Clubs;61.1;-4.5;;;;
2021;8;WZ08-55;Beherbergung;85.8;-7.2;;;;
2021;8;WZ08-551;Hotels;83.2;-8.9;;;;
2021;8;WZ08-552;Ferienunterkünfte;95.8;0.7;;;;
2021;8;WZ08-553;Campingplätze;144;3.8;;;;
2021;8;WZ08-56;Gastronomie;86.1;-6.7;;;;
2021;8;WZ08-561;Restaurants & Cafes;89.1;-6.5;;;;
2021;8;WZ08-562;Caterer;90.4;-4.2;;;;
2021;8;WZ08-563;Bars & Clubs;63.1;-5;;;;
2021;9;WZ08-55;Beherbergung;86.2;-7;;;;
2021;9;WZ08-551;Hotels;84.2;-8.2;;;;
2021;9;WZ08-552;Ferienunterkünfte;94.3;0.6;;;;
2021;9;WZ08-553;Campingplätze;134.7;0.9;;;;
2021;9;WZ08-56;Gastronomie;87;-6.5;;;;
2021;9;WZ08-561;Restaurants & Cafes;89.6;-6.9;;;;
2021;9;WZ08-562;Caterer;91.8;-2.5;;;;
2021;9;WZ08-563;Bars & Clubs;65;-3.8;;;;
2021;10;WZ08-55;Beherbergung;86.5;-4.7;;;;
2021;10;WZ08-551;Hotels;84.9;-5.8;;;;
2021;10;WZ08-552;Ferienunterkünfte;94;3.5;;;;
2021;10;WZ08-553;Campingplätze;125.3;3.7;;;;
2021;10;WZ08-56;Gastronomie;87.5;-3.3;;;;
2021;10;WZ08-561;Restaurants & Cafes;89.6;-4.1;;;;
2021;10;WZ08-562;Caterer;92.3;-1;;;;
2021;10;WZ08-563;Bars & Clubs;69.4;7.6;;;;
2021;11;WZ08-55;Beherbergung;85;4;;;;
2021;11;WZ08-551;Hotels;84.2;3.7;;;;
2021;11;WZ08-552;Ferienunterkünfte;90.6;11.4;;;;
2021;11;WZ08-553;Campingplätze;105.9;6.2;;;;
2021;11;WZ08-56;Gastronomie;87.3;12.4;;;;
2021;11;WZ08-561;Restaurants & Cafes;89.1;13.9;;;;
2021;11;WZ08-562;Caterer;92.6;3;;;;
2021;11;WZ08-563;Bars & Clubs;68.6;37.5;;;;
2021;12;WZ08-55;Beherbergung;83.2;7.6;;;;
2021;12;WZ08-551;Hotels;82.7;7.4;;;;
2021;12;WZ08-552;Ferienunterkünfte;87.9;15.5;;;;
2021;12;WZ08-553;Campingplätze;99;11;;;;
2021;12;WZ08-56;Gastronomie;85.3;16.1;;;;
2021;12;WZ08-561;Restaurants & Cafes;87.4;19.6;;;;
2021;12;WZ08-562;Caterer;91.1;3.3;;;;
2021;12;WZ08-563;Bars & Clubs;62.9;34.7;;;;
2022;1;WZ08-55;Beherbergung;81.2;3.3;;;;
2022;1;WZ08-551;Hotels;80.6;2.3;;;;
2022;1;WZ08-552;Ferienunterkünfte;85.6;10;;;;
2022;1;WZ08-553;Campingplätze;94.4;8.4;;;;
2022;1;WZ08-56;Gastronomie;84.4;9.2;;;;
2022;1;WZ08-561;Restaurants & Cafes;86.6;12.8;;;;
2022;1;WZ08-562;Caterer;90.4;0.6;;;;
2022;1;WZ08-563;Bars & Clubs;60.7;29.1;;;;
2022;2;WZ08-55;Beherbergung;81.2;4.9;;;;
2022;2;WZ08-551;Hotels;80.8;4.3;;;;
2022;2;WZ08-552;Ferienunterkünfte;85.1;10.4;;;;
2022;2;WZ08-553;Campingplätze;93;8.9;;;;
2022;2;WZ08-56;Gastronomie;84.2;9.9;;;;
2022;2;WZ08-561;Restaurants & Cafes;86.1;13.1;;;;
2022;2;WZ08-562;Caterer;90.7;1.6;;;;
2022;2;WZ08-563;Bars & Clubs;60.7;30.8;;;;
2022;3;WZ08-55;Beherbergung;82.7;7.4;;;;
2022;3;WZ08-551;Hotels;81.7;6.4;;;;
2022;3;WZ08-552;Ferienunterkünfte;89;14.1;;;;
2022;3;WZ08-553;Campingplätze;104.5;17.7;;;;
2022;3;WZ08-56;Gastronomie;86.9;13;;;;
2022;3;WZ08-561;Restaurants & Cafes;89;16;;;;
2022;3;WZ08-562;Caterer;91.3;2.5;;;;
2022;3;WZ08-563;Bars & Clubs;69.5;49.8;;;;
2022;4;WZ08-55;Beherbergung;85.5;11.3;;;;
2022;4;WZ08-551;Hotels;83.7;9.7;;;;
2022;4;WZ08-552;Ferienunterkünfte;94.2;20.8;;;;
2022;4;WZ08-553;Campingplätze;127.2;30.6;;;;
2022;4;WZ08-56;Gastronomie;89.6;17.3;;;;
2022;4;WZ08-561;Restaurants & Cafes;92.1;20.5;;;;
2022;4;WZ08-562;Caterer;92.6;4.8;;;;
2022;4;WZ08-563;Bars & Clubs;75;64.5;;;;
2022;5;WZ08-55;Beherbergung;87.7;12.4;;;;
2022;5;WZ08-551;Hotels;85.5;11.2;;;;
2022;5;WZ08-552;Ferienunterkünfte;98.3;22;;;;
2022;5;WZ08-553;Campingplätze;135.1;20.7;;;;
2022;5;WZ08-56;Gastronomie;91.1;17.1;;;;
2022;5;WZ08-561;Restaurants & Cafes;93.8;19.6;;;;
2022;5;WZ08-562;Caterer;93.4;5.4;;;;
2022;5;WZ08-563;Bars & Clubs;77.9;62.6;;;;
2022;6;WZ08-55;Beherbergung;89.8;9.9;;;;
2022;6;WZ08-551;Hotels;87.4;9.3;;;;
2022;6;WZ08-552;Ferienunterkünfte;100.7;15.9;;;;
2022;6;WZ08-553;Campingplätze;145.6;12.2;;;;
2022;6;WZ08-56;Gastronomie;97;18.4;;;;
2022;6;WZ08-561;Restaurants & Cafes;102.3;22.2;;;;
2022;6;WZ08-562;Caterer;94.4;6.2;;;;
2022;6;WZ08-563;Bars & Clubs;82.9;44.7;;;;
2022;7;WZ08-55;Beherbergung;91.4;9.1;;;;
2022;7;WZ08-551;Hotels;88.6;9.1;;;;
2022;7;WZ08-552;Ferienunterkünfte;104.5;12.1;;;;
2022;7;WZ08-553;Campingplätze;152.7;7.2;;;;
2022;7;WZ08-56;Gastronomie;95.7;12.9;;;;
2022;7;WZ08-561;Restaurants & Cafes;99.7;13.9;;;;
2022;7;WZ08-562;Caterer;95;5.8;;;;
2022;7;WZ08-563;Bars & Clubs;83.8;37.2;;;;
2022;8;WZ08-55;Beherbergung;93.4;8.9;;;;
2022;8;WZ08-551;Hotels;90.7;9;;;;
2022;8;WZ08-552;Ferienunterkünfte;106.1;10.8;;;;
2022;8;WZ08-553;Campingplätze;154;6.9;;;;
2022;8;WZ08-56;Gastronomie;96.2;11.7;;;;
2022;8;WZ08-561;Restaurants & Cafes;100.1;12.3;;;;
2022;8;WZ08-562;Caterer;95.9;6.1;;;;
2022;8;WZ08-563;Bars & Clubs;83.9;33;;;;
2022;9;WZ08-55;Beherbergung;94;9;;;;
2022;9;WZ08-551;Hotels;91.9;9.1;;;;
2022;9;WZ08-552;Ferienunterkünfte;104;10.3;;;;
2022;9;WZ08-553;Campingplätze;145.5;8;;;;
2022;9;WZ08-56;Gastronomie;96.1;10.5;;;;
2022;9;WZ08-561;Restaurants & Cafes;99.5;11;;;;
2022;9;WZ08-562;Caterer;96.9;5.6;;;;
2022;9;WZ08-563;Bars & Clubs;84.3;29.7;;;;
2022;10;WZ08-55;Beherbergung;93.5;8.1;;;;
2022;10;WZ08-551;Hotels;92;8.4;;;;
2022;10;WZ08-552;Ferienunterkünfte;101.9;8.4;;;;
2022;10;WZ08-553;Campingplätze;134.2;7.1;;;;
2022;10;WZ08-56;Gastronomie;94.8;8.3;;;;
2022;10;WZ08-561;Restaurants & Cafes;97.4;8.7;;;;
2022;10;WZ08-562;Caterer;97.1;5.2;;;;
2022;10;WZ08-563;Bars & Clubs;82.2;18.4;;;;
2022;11;WZ08-55;Beherbergung;;;;;;
2022;11;WZ08-551;Hotels;;;;;;
2022;11;WZ08-552;Ferienunterkünfte;;;;;;
2022;11;WZ08-553;Campingplätze;;;;;;
2022;11;WZ08-56;Gastronomie;;;;;;
2022;11;WZ08-561;Restaurants & Cafes;;;;;;
2022;11;WZ08-562;Caterer;;;;;;
2022;11;WZ08-563;Bars & Clubs;;;;;;
2022;12;WZ08-55;Beherbergung;;;;;;
2022;12;WZ08-551;Hotels;;;;;;
2022;12;WZ08-552;Ferienunterkünfte;;;;;;
2022;12;WZ08-553;Campingplätze;;;;;;
2022;12;WZ08-56;Gastronomie;;;;;;
2022;12;WZ08-561;Restaurants & Cafes;;;;;;
2022;12;WZ08-562;Caterer;;;;;;
2022;12;WZ08-563;Bars & Clubs;;;;;;