Jahr;Monat;Branche_Label;Preisart;Umsatz;Typ
1994;1;Hotels;REAL;919;Beherbergung
1994;2;Hotels;REAL;972;Beherbergung
1994;3;Hotels;REAL;1106;Beherbergung
1994;4;Hotels;REAL;1159;Beherbergung
1994;5;Hotels;REAL;1368;Beherbergung
1994;6;Hotels;REAL;1328;Beherbergung
1994;7;Hotels;REAL;1264;Beherbergung
1994;8;Hotels;REAL;1322;Beherbergung
1994;9;Hotels;REAL;1556;Beherbergung
1994;10;Hotels;REAL;1466;Beherbergung
1994;11;Hotels;REAL;108;Beherbergung
1994;12;Hotels;REAL;1121;Beherbergung
1994;1;Ferienunterkünfte;REAL;973;Beherbergung
1994;2;Ferienunterkünfte;REAL;989;Beherbergung
1994;3;Ferienunterkünfte;REAL;1251;Beherbergung
1994;4;Ferienunterkünfte;REAL;1318;Beherbergung
1994;5;Ferienunterkünfte;REAL;1603;Beherbergung
1994;6;Ferienunterkünfte;REAL;1731;Beherbergung
1994;7;Ferienunterkünfte;REAL;191;Beherbergung
1994;8;Ferienunterkünfte;REAL;1792;Beherbergung
1994;9;Ferienunterkünfte;REAL;1703;Beherbergung
1994;10;Ferienunterkünfte;REAL;1528;Beherbergung
1994;11;Ferienunterkünfte;REAL;953;Beherbergung
1994;12;Ferienunterkünfte;REAL;1016;Beherbergung
1994;1;Campingplätze;REAL;684;Beherbergung
1994;2;Campingplätze;REAL;522;Beherbergung
1994;3;Campingplätze;REAL;818;Beherbergung
1994;4;Campingplätze;REAL;1194;Beherbergung
1994;5;Campingplätze;REAL;997;Beherbergung
1994;6;Campingplätze;REAL;8347;Beherbergung
1994;7;Campingplätze;REAL;1419;Beherbergung
1994;8;Campingplätze;REAL;1237;Beherbergung
1994;9;Campingplätze;REAL;636;Beherbergung
1994;10;Campingplätze;REAL;567;Beherbergung
1994;11;Campingplätze;REAL;348;Beherbergung
1994;12;Campingplätze;REAL;325;Beherbergung
1994;1;Restaurant /Cafe;REAL;1543;Gastronomie
1994;2;Restaurant /Cafe;REAL;1492;Gastronomie
1994;3;Restaurant /Cafe;REAL;1704;Gastronomie
1994;4;Restaurant /Cafe;REAL;1753;Gastronomie
1994;5;Restaurant /Cafe;REAL;1936;Gastronomie
1994;6;Restaurant /Cafe;REAL;1841;Gastronomie
1994;7;Restaurant /Cafe;REAL;1931;Gastronomie
1994;8;Restaurant /Cafe;REAL;1913;Gastronomie
1994;9;Restaurant /Cafe;REAL;1853;Gastronomie
1994;10;Restaurant /Cafe;REAL;1851;Gastronomie
1994;11;Restaurant /Cafe;REAL;1688;Gastronomie
1994;12;Restaurant /Cafe;REAL;1906;Gastronomie
1994;1;Caterer;REAL;879;Gastronomie
1994;2;Caterer;REAL;864;Gastronomie
1994;3;Caterer;REAL;999;Gastronomie
1994;4;Caterer;REAL;923;Gastronomie
1994;5;Caterer;REAL;97;Gastronomie
1994;6;Caterer;REAL;1018;Gastronomie
1994;7;Caterer;REAL;936;Gastronomie
1994;8;Caterer;REAL;889;Gastronomie
1994;9;Caterer;REAL;99;Gastronomie
1994;10;Caterer;REAL;981;Gastronomie
1994;11;Caterer;REAL;963;Gastronomie
1994;12;Caterer;REAL;973;Gastronomie
1994;1;Bars;REAL;255;Gastronomie
1994;2;Bars;REAL;2467;Gastronomie
1994;3;Bars;REAL;257;Gastronomie
1994;4;Bars;REAL;2598;Gastronomie
1994;5;Bars;REAL;2688;Gastronomie
1994;6;Bars;REAL;2572;Gastronomie
1994;7;Bars;REAL;2585;Gastronomie
1994;8;Bars;REAL;2634;Gastronomie
1994;9;Bars;REAL;2769;Gastronomie
1994;10;Bars;REAL;2667;Gastronomie
1994;11;Bars;REAL;2583;Gastronomie
1994;12;Bars;REAL;2701;Gastronomie
1995;1;Hotels;REAL;916;Beherbergung
1995;2;Hotels;REAL;968;Beherbergung
1995;3;Hotels;REAL;1125;Beherbergung
1995;4;Hotels;REAL;1127;Beherbergung
1995;5;Hotels;REAL;1404;Beherbergung
1995;6;Hotels;REAL;128;Beherbergung
1995;7;Hotels;REAL;1182;Beherbergung
1995;8;Hotels;REAL;1219;Beherbergung
1995;9;Hotels;REAL;1426;Beherbergung
1995;10;Hotels;REAL;1393;Beherbergung
1995;11;Hotels;REAL;1067;Beherbergung
1995;12;Hotels;REAL;1099;Beherbergung
1995;1;Ferienunterkünfte;REAL;954;Beherbergung
1995;2;Ferienunterkünfte;REAL;100;Beherbergung
1995;3;Ferienunterkünfte;REAL;1186;Beherbergung
1995;4;Ferienunterkünfte;REAL;1403;Beherbergung
1995;5;Ferienunterkünfte;REAL;1581;Beherbergung
1995;6;Ferienunterkünfte;REAL;1773;Beherbergung
1995;7;Ferienunterkünfte;REAL;196;Beherbergung
1995;8;Ferienunterkünfte;REAL;1823;Beherbergung
1995;9;Ferienunterkünfte;REAL;1666;Beherbergung
1995;10;Ferienunterkünfte;REAL;1506;Beherbergung
1995;11;Ferienunterkünfte;REAL;915;Beherbergung
1995;12;Ferienunterkünfte;REAL;947;Beherbergung
1995;1;Campingplätze;REAL;884;Beherbergung
1995;2;Campingplätze;REAL;515;Beherbergung
1995;3;Campingplätze;REAL;585;Beherbergung
1995;4;Campingplätze;REAL;1042;Beherbergung
1995;5;Campingplätze;REAL;868;Beherbergung
1995;6;Campingplätze;REAL;808;Beherbergung
1995;7;Campingplätze;REAL;1175;Beherbergung
1995;8;Campingplätze;REAL;1017;Beherbergung
1995;9;Campingplätze;REAL;575;Beherbergung
1995;10;Campingplätze;REAL;501;Beherbergung
1995;11;Campingplätze;REAL;356;Beherbergung
1995;12;Campingplätze;REAL;384;Beherbergung
1995;1;Restaurant /Cafe;REAL;1504;Gastronomie
1995;2;Restaurant /Cafe;REAL;1528;Gastronomie
1995;3;Restaurant /Cafe;REAL;1676;Gastronomie
1995;4;Restaurant /Cafe;REAL;1762;Gastronomie
1995;5;Restaurant /Cafe;REAL;1916;Gastronomie
1995;6;Restaurant /Cafe;REAL;1858;Gastronomie
1995;7;Restaurant /Cafe;REAL;1911;Gastronomie
1995;8;Restaurant /Cafe;REAL;1879;Gastronomie
1995;9;Restaurant /Cafe;REAL;1824;Gastronomie
1995;10;Restaurant /Cafe;REAL;1831;Gastronomie
1995;11;Restaurant /Cafe;REAL;164;Gastronomie
1995;12;Restaurant /Cafe;REAL;1828;Gastronomie
1995;1;Caterer;REAL;919;Gastronomie
1995;2;Caterer;REAL;899;Gastronomie
1995;3;Caterer;REAL;103;Gastronomie
1995;4;Caterer;REAL;961;Gastronomie
1995;5;Caterer;REAL;1049;Gastronomie
1995;6;Caterer;REAL;1043;Gastronomie
1995;7;Caterer;REAL;981;Gastronomie
1995;8;Caterer;REAL;994;Gastronomie
1995;9;Caterer;REAL;103;Gastronomie
1995;10;Caterer;REAL;1016;Gastronomie
1995;11;Caterer;REAL;1049;Gastronomie
1995;12;Caterer;REAL;966;Gastronomie
1995;1;Bars;REAL;224;Gastronomie
1995;2;Bars;REAL;233;Gastronomie
1995;3;Bars;REAL;2323;Gastronomie
1995;4;Bars;REAL;2427;Gastronomie
1995;5;Bars;REAL;253;Gastronomie
1995;6;Bars;REAL;2511;Gastronomie
1995;7;Bars;REAL;2404;Gastronomie
1995;8;Bars;REAL;2416;Gastronomie
1995;9;Bars;REAL;2565;Gastronomie
1995;10;Bars;REAL;2482;Gastronomie
1995;11;Bars;REAL;233;Gastronomie
1995;12;Bars;REAL;2572;Gastronomie
1996;1;Hotels;REAL;886;Beherbergung
1996;2;Hotels;REAL;948;Beherbergung
1996;3;Hotels;REAL;1093;Beherbergung
1996;4;Hotels;REAL;1107;Beherbergung
1996;5;Hotels;REAL;1318;Beherbergung
1996;6;Hotels;REAL;1244;Beherbergung
1996;7;Hotels;REAL;1137;Beherbergung
1996;8;Hotels;REAL;1212;Beherbergung
1996;9;Hotels;REAL;1395;Beherbergung
1996;10;Hotels;REAL;1334;Beherbergung
1996;11;Hotels;REAL;1051;Beherbergung
1996;12;Hotels;REAL;1063;Beherbergung
1996;1;Ferienunterkünfte;REAL;855;Beherbergung
1996;2;Ferienunterkünfte;REAL;951;Beherbergung
1996;3;Ferienunterkünfte;REAL;120;Beherbergung
1996;4;Ferienunterkünfte;REAL;1363;Beherbergung
1996;5;Ferienunterkünfte;REAL;156;Beherbergung
1996;6;Ferienunterkünfte;REAL;1821;Beherbergung
1996;7;Ferienunterkünfte;REAL;1994;Beherbergung
1996;8;Ferienunterkünfte;REAL;1861;Beherbergung
1996;9;Ferienunterkünfte;REAL;1716;Beherbergung
1996;10;Ferienunterkünfte;REAL;1499;Beherbergung
1996;11;Ferienunterkünfte;REAL;811;Beherbergung
1996;12;Ferienunterkünfte;REAL;912;Beherbergung
1996;1;Campingplätze;REAL;767;Beherbergung
1996;2;Campingplätze;REAL;622;Beherbergung
1996;3;Campingplätze;REAL;662;Beherbergung
1996;4;Campingplätze;REAL;1001;Beherbergung
1996;5;Campingplätze;REAL;793;Beherbergung
1996;6;Campingplätze;REAL;762;Beherbergung
1996;7;Campingplätze;REAL;1067;Beherbergung
1996;8;Campingplätze;REAL;1006;Beherbergung
1996;9;Campingplätze;REAL;649;Beherbergung
1996;10;Campingplätze;REAL;552;Beherbergung
1996;11;Campingplätze;REAL;379;Beherbergung
1996;12;Campingplätze;REAL;389;Beherbergung
1996;1;Restaurant /Cafe;REAL;1462;Gastronomie
1996;2;Restaurant /Cafe;REAL;1465;Gastronomie
1996;3;Restaurant /Cafe;REAL;1675;Gastronomie
1996;4;Restaurant /Cafe;REAL;1714;Gastronomie
1996;5;Restaurant /Cafe;REAL;1838;Gastronomie
1996;6;Restaurant /Cafe;REAL;1764;Gastronomie
1996;7;Restaurant /Cafe;REAL;1841;Gastronomie
1996;8;Restaurant /Cafe;REAL;1839;Gastronomie
1996;9;Restaurant /Cafe;REAL;1734;Gastronomie
1996;10;Restaurant /Cafe;REAL;1741;Gastronomie
1996;11;Restaurant /Cafe;REAL;1577;Gastronomie
1996;12;Restaurant /Cafe;REAL;1746;Gastronomie
1996;1;Caterer;REAL;905;Gastronomie
1996;2;Caterer;REAL;901;Gastronomie
1996;3;Caterer;REAL;978;Gastronomie
1996;4;Caterer;REAL;926;Gastronomie
1996;5;Caterer;REAL;974;Gastronomie
1996;6;Caterer;REAL;965;Gastronomie
1996;7;Caterer;REAL;941;Gastronomie
1996;8;Caterer;REAL;935;Gastronomie
1996;9;Caterer;REAL;998;Gastronomie
1996;10;Caterer;REAL;1022;Gastronomie
1996;11;Caterer;REAL;994;Gastronomie
1996;12;Caterer;REAL;928;Gastronomie
1996;1;Bars;REAL;2191;Gastronomie
1996;2;Bars;REAL;2262;Gastronomie
1996;3;Bars;REAL;240;Gastronomie
1996;4;Bars;REAL;2427;Gastronomie
1996;5;Bars;REAL;2522;Gastronomie
1996;6;Bars;REAL;2368;Gastronomie
1996;7;Bars;REAL;2292;Gastronomie
1996;8;Bars;REAL;240;Gastronomie
1996;9;Bars;REAL;2385;Gastronomie
1996;10;Bars;REAL;2495;Gastronomie
1996;11;Bars;REAL;2245;Gastronomie
1996;12;Bars;REAL;2458;Gastronomie
1997;1;Hotels;REAL;883;Beherbergung
1997;2;Hotels;REAL;899;Beherbergung
1997;3;Hotels;REAL;1046;Beherbergung
1997;4;Hotels;REAL;1088;Beherbergung
1997;5;Hotels;REAL;125;Beherbergung
1997;6;Hotels;REAL;1255;Beherbergung
1997;7;Hotels;REAL;111;Beherbergung
1997;8;Hotels;REAL;1199;Beherbergung
1997;9;Hotels;REAL;1417;Beherbergung
1997;10;Hotels;REAL;1338;Beherbergung
1997;11;Hotels;REAL;1036;Beherbergung
1997;12;Hotels;REAL;1074;Beherbergung
1997;1;Ferienunterkünfte;REAL;895;Beherbergung
1997;2;Ferienunterkünfte;REAL;923;Beherbergung
1997;3;Ferienunterkünfte;REAL;1101;Beherbergung
1997;4;Ferienunterkünfte;REAL;1209;Beherbergung
1997;5;Ferienunterkünfte;REAL;1529;Beherbergung
1997;6;Ferienunterkünfte;REAL;1588;Beherbergung
1997;7;Ferienunterkünfte;REAL;1746;Beherbergung
1997;8;Ferienunterkünfte;REAL;1823;Beherbergung
1997;9;Ferienunterkünfte;REAL;1554;Beherbergung
1997;10;Ferienunterkünfte;REAL;1421;Beherbergung
1997;11;Ferienunterkünfte;REAL;743;Beherbergung
1997;12;Ferienunterkünfte;REAL;853;Beherbergung
1997;1;Campingplätze;REAL;669;Beherbergung
1997;2;Campingplätze;REAL;581;Beherbergung
1997;3;Campingplätze;REAL;668;Beherbergung
1997;4;Campingplätze;REAL;1012;Beherbergung
1997;5;Campingplätze;REAL;963;Beherbergung
1997;6;Campingplätze;REAL;68;Beherbergung
1997;7;Campingplätze;REAL;1018;Beherbergung
1997;8;Campingplätze;REAL;114;Beherbergung
1997;9;Campingplätze;REAL;799;Beherbergung
1997;10;Campingplätze;REAL;56;Beherbergung
1997;11;Campingplätze;REAL;334;Beherbergung
1997;12;Campingplätze;REAL;437;Beherbergung
1997;1;Restaurant /Cafe;REAL;1413;Gastronomie
1997;2;Restaurant /Cafe;REAL;1408;Gastronomie
1997;3;Restaurant /Cafe;REAL;1634;Gastronomie
1997;4;Restaurant /Cafe;REAL;1613;Gastronomie
1997;5;Restaurant /Cafe;REAL;1845;Gastronomie
1997;6;Restaurant /Cafe;REAL;1721;Gastronomie
1997;7;Restaurant /Cafe;REAL;1788;Gastronomie
1997;8;Restaurant /Cafe;REAL;1814;Gastronomie
1997;9;Restaurant /Cafe;REAL;1741;Gastronomie
1997;10;Restaurant /Cafe;REAL;1698;Gastronomie
1997;11;Restaurant /Cafe;REAL;1551;Gastronomie
1997;12;Restaurant /Cafe;REAL;1722;Gastronomie
1997;1;Caterer;REAL;927;Gastronomie
1997;2;Caterer;REAL;898;Gastronomie
1997;3;Caterer;REAL;961;Gastronomie
1997;4;Caterer;REAL;1028;Gastronomie
1997;5;Caterer;REAL;964;Gastronomie
1997;6;Caterer;REAL;104;Gastronomie
1997;7;Caterer;REAL;103;Gastronomie
1997;8;Caterer;REAL;955;Gastronomie
1997;9;Caterer;REAL;107;Gastronomie
1997;10;Caterer;REAL;1058;Gastronomie
1997;11;Caterer;REAL;996;Gastronomie
1997;12;Caterer;REAL;974;Gastronomie
1997;1;Bars;REAL;2042;Gastronomie
1997;2;Bars;REAL;2093;Gastronomie
1997;3;Bars;REAL;2251;Gastronomie
1997;4;Bars;REAL;2191;Gastronomie
1997;5;Bars;REAL;240;Gastronomie
1997;6;Bars;REAL;2195;Gastronomie
1997;7;Bars;REAL;2195;Gastronomie
1997;8;Bars;REAL;2273;Gastronomie
1997;9;Bars;REAL;221;Gastronomie
1997;10;Bars;REAL;2245;Gastronomie
1997;11;Bars;REAL;2181;Gastronomie
1997;12;Bars;REAL;239;Gastronomie
1998;1;Hotels;REAL;871;Beherbergung
1998;2;Hotels;REAL;93;Beherbergung
1998;3;Hotels;REAL;1048;Beherbergung
1998;4;Hotels;REAL;1035;Beherbergung
1998;5;Hotels;REAL;1288;Beherbergung
1998;6;Hotels;REAL;1224;Beherbergung
1998;7;Hotels;REAL;1105;Beherbergung
1998;8;Hotels;REAL;1175;Beherbergung
1998;9;Hotels;REAL;1368;Beherbergung
1998;10;Hotels;REAL;1304;Beherbergung
1998;11;Hotels;REAL;1025;Beherbergung
1998;12;Hotels;REAL;1073;Beherbergung
1998;1;Ferienunterkünfte;REAL;812;Beherbergung
1998;2;Ferienunterkünfte;REAL;849;Beherbergung
1998;3;Ferienunterkünfte;REAL;925;Beherbergung
1998;4;Ferienunterkünfte;REAL;1233;Beherbergung
1998;5;Ferienunterkünfte;REAL;1447;Beherbergung
1998;6;Ferienunterkünfte;REAL;1583;Beherbergung
1998;7;Ferienunterkünfte;REAL;1845;Beherbergung
1998;8;Ferienunterkünfte;REAL;2026;Beherbergung
1998;9;Ferienunterkünfte;REAL;1695;Beherbergung
1998;10;Ferienunterkünfte;REAL;1532;Beherbergung
1998;11;Ferienunterkünfte;REAL;785;Beherbergung
1998;12;Ferienunterkünfte;REAL;932;Beherbergung
1998;1;Campingplätze;REAL;591;Beherbergung
1998;2;Campingplätze;REAL;66;Beherbergung
1998;3;Campingplätze;REAL;702;Beherbergung
1998;4;Campingplätze;REAL;1137;Beherbergung
1998;5;Campingplätze;REAL;944;Beherbergung
1998;6;Campingplätze;REAL;69;Beherbergung
1998;7;Campingplätze;REAL;929;Beherbergung
1998;8;Campingplätze;REAL;1038;Beherbergung
1998;9;Campingplätze;REAL;684;Beherbergung
1998;10;Campingplätze;REAL;505;Beherbergung
1998;11;Campingplätze;REAL;303;Beherbergung
1998;12;Campingplätze;REAL;369;Beherbergung
1998;1;Restaurant /Cafe;REAL;1435;Gastronomie
1998;2;Restaurant /Cafe;REAL;1403;Gastronomie
1998;3;Restaurant /Cafe;REAL;155;Gastronomie
1998;4;Restaurant /Cafe;REAL;1598;Gastronomie
1998;5;Restaurant /Cafe;REAL;1766;Gastronomie
1998;6;Restaurant /Cafe;REAL;1624;Gastronomie
1998;7;Restaurant /Cafe;REAL;1691;Gastronomie
1998;8;Restaurant /Cafe;REAL;173;Gastronomie
1998;9;Restaurant /Cafe;REAL;1631;Gastronomie
1998;10;Restaurant /Cafe;REAL;1611;Gastronomie
1998;11;Restaurant /Cafe;REAL;147;Gastronomie
1998;12;Restaurant /Cafe;REAL;1679;Gastronomie
1998;1;Caterer;REAL;962;Gastronomie
1998;2;Caterer;REAL;944;Gastronomie
1998;3;Caterer;REAL;1065;Gastronomie
1998;4;Caterer;REAL;968;Gastronomie
1998;5;Caterer;REAL;1019;Gastronomie
1998;6;Caterer;REAL;1036;Gastronomie
1998;7;Caterer;REAL;1034;Gastronomie
1998;8;Caterer;REAL;948;Gastronomie
1998;9;Caterer;REAL;1083;Gastronomie
1998;10;Caterer;REAL;1071;Gastronomie
1998;11;Caterer;REAL;1066;Gastronomie
1998;12;Caterer;REAL;1026;Gastronomie
1998;1;Bars;REAL;2019;Gastronomie
1998;2;Bars;REAL;193;Gastronomie
1998;3;Bars;REAL;1988;Gastronomie
1998;4;Bars;REAL;1998;Gastronomie
1998;5;Bars;REAL;2181;Gastronomie
1998;6;Bars;REAL;1948;Gastronomie
1998;7;Bars;REAL;2101;Gastronomie
1998;8;Bars;REAL;2059;Gastronomie
1998;9;Bars;REAL;1923;Gastronomie
1998;10;Bars;REAL;205;Gastronomie
1998;11;Bars;REAL;1938;Gastronomie
1998;12;Bars;REAL;2167;Gastronomie
1999;1;Hotels;REAL;916;Beherbergung
1999;2;Hotels;REAL;934;Beherbergung
1999;3;Hotels;REAL;1062;Beherbergung
1999;4;Hotels;REAL;1055;Beherbergung
1999;5;Hotels;REAL;1274;Beherbergung
1999;6;Hotels;REAL;1216;Beherbergung
1999;7;Hotels;REAL;1133;Beherbergung
1999;8;Hotels;REAL;1183;Beherbergung
1999;9;Hotels;REAL;1396;Beherbergung
1999;10;Hotels;REAL;1329;Beherbergung
1999;11;Hotels;REAL;1097;Beherbergung
1999;12;Hotels;REAL;1118;Beherbergung
1999;1;Ferienunterkünfte;REAL;869;Beherbergung
1999;2;Ferienunterkünfte;REAL;923;Beherbergung
1999;3;Ferienunterkünfte;REAL;929;Beherbergung
1999;4;Ferienunterkünfte;REAL;114;Beherbergung
1999;5;Ferienunterkünfte;REAL;1423;Beherbergung
1999;6;Ferienunterkünfte;REAL;1533;Beherbergung
1999;7;Ferienunterkünfte;REAL;1736;Beherbergung
1999;8;Ferienunterkünfte;REAL;1869;Beherbergung
1999;9;Ferienunterkünfte;REAL;1634;Beherbergung
1999;10;Ferienunterkünfte;REAL;1448;Beherbergung
1999;11;Ferienunterkünfte;REAL;87;Beherbergung
1999;12;Ferienunterkünfte;REAL;90;Beherbergung
1999;1;Campingplätze;REAL;56;Beherbergung
1999;2;Campingplätze;REAL;60;Beherbergung
1999;3;Campingplätze;REAL;667;Beherbergung
1999;4;Campingplätze;REAL;1029;Beherbergung
1999;5;Campingplätze;REAL;938;Beherbergung
1999;6;Campingplätze;REAL;766;Beherbergung
1999;7;Campingplätze;REAL;1058;Beherbergung
1999;8;Campingplätze;REAL;1142;Beherbergung
1999;9;Campingplätze;REAL;953;Beherbergung
1999;10;Campingplätze;REAL;724;Beherbergung
1999;11;Campingplätze;REAL;461;Beherbergung
1999;12;Campingplätze;REAL;421;Beherbergung
1999;1;Restaurant /Cafe;REAL;1408;Gastronomie
1999;2;Restaurant /Cafe;REAL;1337;Gastronomie
1999;3;Restaurant /Cafe;REAL;1509;Gastronomie
1999;4;Restaurant /Cafe;REAL;1569;Gastronomie
1999;5;Restaurant /Cafe;REAL;1742;Gastronomie
1999;6;Restaurant /Cafe;REAL;1615;Gastronomie
1999;7;Restaurant /Cafe;REAL;1725;Gastronomie
1999;8;Restaurant /Cafe;REAL;1706;Gastronomie
1999;9;Restaurant /Cafe;REAL;1666;Gastronomie
1999;10;Restaurant /Cafe;REAL;1636;Gastronomie
1999;11;Restaurant /Cafe;REAL;1483;Gastronomie
1999;12;Restaurant /Cafe;REAL;1669;Gastronomie
1999;1;Caterer;REAL;908;Gastronomie
1999;2;Caterer;REAL;927;Gastronomie
1999;3;Caterer;REAL;1038;Gastronomie
1999;4;Caterer;REAL;962;Gastronomie
1999;5;Caterer;REAL;985;Gastronomie
1999;6;Caterer;REAL;1051;Gastronomie
1999;7;Caterer;REAL;101;Gastronomie
1999;8;Caterer;REAL;952;Gastronomie
1999;9;Caterer;REAL;1077;Gastronomie
1999;10;Caterer;REAL;1038;Gastronomie
1999;11;Caterer;REAL;1027;Gastronomie
1999;12;Caterer;REAL;1012;Gastronomie
1999;1;Bars;REAL;1845;Gastronomie
1999;2;Bars;REAL;1768;Gastronomie
1999;3;Bars;REAL;1802;Gastronomie
1999;4;Bars;REAL;1916;Gastronomie
1999;5;Bars;REAL;2011;Gastronomie
1999;6;Bars;REAL;1856;Gastronomie
1999;7;Bars;REAL;2057;Gastronomie
1999;8;Bars;REAL;1885;Gastronomie
1999;9;Bars;REAL;1887;Gastronomie
1999;10;Bars;REAL;1944;Gastronomie
1999;11;Bars;REAL;1839;Gastronomie
1999;12;Bars;REAL;2029;Gastronomie
2000;1;Hotels;REAL;929;Beherbergung
2000;2;Hotels;REAL;1004;Beherbergung
2000;3;Hotels;REAL;110;Beherbergung
2000;4;Hotels;REAL;111;Beherbergung
2000;5;Hotels;REAL;1404;Beherbergung
2000;6;Hotels;REAL;1343;Beherbergung
2000;7;Hotels;REAL;1276;Beherbergung
2000;8;Hotels;REAL;1319;Beherbergung
2000;9;Hotels;REAL;1537;Beherbergung
2000;10;Hotels;REAL;1411;Beherbergung
2000;11;Hotels;REAL;1127;Beherbergung
2000;12;Hotels;REAL;1127;Beherbergung
2000;1;Ferienunterkünfte;REAL;928;Beherbergung
2000;2;Ferienunterkünfte;REAL;905;Beherbergung
2000;3;Ferienunterkünfte;REAL;942;Beherbergung
2000;4;Ferienunterkünfte;REAL;1188;Beherbergung
2000;5;Ferienunterkünfte;REAL;1464;Beherbergung
2000;6;Ferienunterkünfte;REAL;1647;Beherbergung
2000;7;Ferienunterkünfte;REAL;1716;Beherbergung
2000;8;Ferienunterkünfte;REAL;1773;Beherbergung
2000;9;Ferienunterkünfte;REAL;176;Beherbergung
2000;10;Ferienunterkünfte;REAL;1413;Beherbergung
2000;11;Ferienunterkünfte;REAL;815;Beherbergung
2000;12;Ferienunterkünfte;REAL;763;Beherbergung
2000;1;Campingplätze;REAL;654;Beherbergung
2000;2;Campingplätze;REAL;679;Beherbergung
2000;3;Campingplätze;REAL;694;Beherbergung
2000;4;Campingplätze;REAL;143;Beherbergung
2000;5;Campingplätze;REAL;1032;Beherbergung
2000;6;Campingplätze;REAL;99;Beherbergung
2000;7;Campingplätze;REAL;1103;Beherbergung
2000;8;Campingplätze;REAL;1228;Beherbergung
2000;9;Campingplätze;REAL;929;Beherbergung
2000;10;Campingplätze;REAL;748;Beherbergung
2000;11;Campingplätze;REAL;426;Beherbergung
2000;12;Campingplätze;REAL;404;Beherbergung
2000;1;Restaurant /Cafe;REAL;1366;Gastronomie
2000;2;Restaurant /Cafe;REAL;1356;Gastronomie
2000;3;Restaurant /Cafe;REAL;147;Gastronomie
2000;4;Restaurant /Cafe;REAL;1575;Gastronomie
2000;5;Restaurant /Cafe;REAL;166;Gastronomie
2000;6;Restaurant /Cafe;REAL;165;Gastronomie
2000;7;Restaurant /Cafe;REAL;1655;Gastronomie
2000;8;Restaurant /Cafe;REAL;1653;Gastronomie
2000;9;Restaurant /Cafe;REAL;1624;Gastronomie
2000;10;Restaurant /Cafe;REAL;1583;Gastronomie
2000;11;Restaurant /Cafe;REAL;1417;Gastronomie
2000;12;Restaurant /Cafe;REAL;162;Gastronomie
2000;1;Caterer;REAL;922;Gastronomie
2000;2;Caterer;REAL;947;Gastronomie
2000;3;Caterer;REAL;1049;Gastronomie
2000;4;Caterer;REAL;936;Gastronomie
2000;5;Caterer;REAL;1078;Gastronomie
2000;6;Caterer;REAL;1005;Gastronomie
2000;7;Caterer;REAL;1006;Gastronomie
2000;8;Caterer;REAL;971;Gastronomie
2000;9;Caterer;REAL;109;Gastronomie
2000;10;Caterer;REAL;1037;Gastronomie
2000;11;Caterer;REAL;1041;Gastronomie
2000;12;Caterer;REAL;1026;Gastronomie
2000;1;Bars;REAL;1687;Gastronomie
2000;2;Bars;REAL;1677;Gastronomie
2000;3;Bars;REAL;1819;Gastronomie
2000;4;Bars;REAL;1828;Gastronomie
2000;5;Bars;REAL;1858;Gastronomie
2000;6;Bars;REAL;1975;Gastronomie
2000;7;Bars;REAL;1872;Gastronomie
2000;8;Bars;REAL;1806;Gastronomie
2000;9;Bars;REAL;1781;Gastronomie
2000;10;Bars;REAL;1806;Gastronomie
2000;11;Bars;REAL;167;Gastronomie
2000;12;Bars;REAL;1942;Gastronomie
2001;1;Hotels;REAL;975;Beherbergung
2001;2;Hotels;REAL;962;Beherbergung
2001;3;Hotels;REAL;1136;Beherbergung
2001;4;Hotels;REAL;1121;Beherbergung
2001;5;Hotels;REAL;1372;Beherbergung
2001;6;Hotels;REAL;1307;Beherbergung
2001;7;Hotels;REAL;1267;Beherbergung
2001;8;Hotels;REAL;1293;Beherbergung
2001;9;Hotels;REAL;1429;Beherbergung
2001;10;Hotels;REAL;1358;Beherbergung
2001;11;Hotels;REAL;1109;Beherbergung
2001;12;Hotels;REAL;108;Beherbergung
2001;1;Ferienunterkünfte;REAL;824;Beherbergung
2001;2;Ferienunterkünfte;REAL;844;Beherbergung
2001;3;Ferienunterkünfte;REAL;894;Beherbergung
2001;4;Ferienunterkünfte;REAL;1208;Beherbergung
2001;5;Ferienunterkünfte;REAL;1385;Beherbergung
2001;6;Ferienunterkünfte;REAL;156;Beherbergung
2001;7;Ferienunterkünfte;REAL;1736;Beherbergung
2001;8;Ferienunterkünfte;REAL;1747;Beherbergung
2001;9;Ferienunterkünfte;REAL;1616;Beherbergung
2001;10;Ferienunterkünfte;REAL;1402;Beherbergung
2001;11;Ferienunterkünfte;REAL;748;Beherbergung
2001;12;Ferienunterkünfte;REAL;701;Beherbergung
2001;1;Campingplätze;REAL;675;Beherbergung
2001;2;Campingplätze;REAL;578;Beherbergung
2001;3;Campingplätze;REAL;645;Beherbergung
2001;4;Campingplätze;REAL;137;Beherbergung
2001;5;Campingplätze;REAL;1136;Beherbergung
2001;6;Campingplätze;REAL;1096;Beherbergung
2001;7;Campingplätze;REAL;1598;Beherbergung
2001;8;Campingplätze;REAL;1466;Beherbergung
2001;9;Campingplätze;REAL;89;Beherbergung
2001;10;Campingplätze;REAL;746;Beherbergung
2001;11;Campingplätze;REAL;454;Beherbergung
2001;12;Campingplätze;REAL;413;Beherbergung
2001;1;Restaurant /Cafe;REAL;1322;Gastronomie
2001;2;Restaurant /Cafe;REAL;1301;Gastronomie
2001;3;Restaurant /Cafe;REAL;1451;Gastronomie
2001;4;Restaurant /Cafe;REAL;1517;Gastronomie
2001;5;Restaurant /Cafe;REAL;1659;Gastronomie
2001;6;Restaurant /Cafe;REAL;1628;Gastronomie
2001;7;Restaurant /Cafe;REAL;1663;Gastronomie
2001;8;Restaurant /Cafe;REAL;1674;Gastronomie
2001;9;Restaurant /Cafe;REAL;1557;Gastronomie
2001;10;Restaurant /Cafe;REAL;1591;Gastronomie
2001;11;Restaurant /Cafe;REAL;1437;Gastronomie
2001;12;Restaurant /Cafe;REAL;1629;Gastronomie
2001;1;Caterer;REAL;945;Gastronomie
2001;2;Caterer;REAL;927;Gastronomie
2001;3;Caterer;REAL;1032;Gastronomie
2001;4;Caterer;REAL;948;Gastronomie
2001;5;Caterer;REAL;1038;Gastronomie
2001;6;Caterer;REAL;1012;Gastronomie
2001;7;Caterer;REAL;1014;Gastronomie
2001;8;Caterer;REAL;991;Gastronomie
2001;9;Caterer;REAL;1037;Gastronomie
2001;10;Caterer;REAL;1007;Gastronomie
2001;11;Caterer;REAL;996;Gastronomie
2001;12;Caterer;REAL;935;Gastronomie
2001;1;Bars;REAL;1648;Gastronomie
2001;2;Bars;REAL;1666;Gastronomie
2001;3;Bars;REAL;1807;Gastronomie
2001;4;Bars;REAL;1763;Gastronomie
2001;5;Bars;REAL;1867;Gastronomie
2001;6;Bars;REAL;1826;Gastronomie
2001;7;Bars;REAL;1901;Gastronomie
2001;8;Bars;REAL;1779;Gastronomie
2001;9;Bars;REAL;1758;Gastronomie
2001;10;Bars;REAL;1843;Gastronomie
2001;11;Bars;REAL;1768;Gastronomie
2001;12;Bars;REAL;1993;Gastronomie
2002;1;Hotels;REAL;926;Beherbergung
2002;2;Hotels;REAL;937;Beherbergung
2002;3;Hotels;REAL;1051;Beherbergung
2002;4;Hotels;REAL;1111;Beherbergung
2002;5;Hotels;REAL;1226;Beherbergung
2002;6;Hotels;REAL;1231;Beherbergung
2002;7;Hotels;REAL;1175;Beherbergung
2002;8;Hotels;REAL;1207;Beherbergung
2002;9;Hotels;REAL;1354;Beherbergung
2002;10;Hotels;REAL;1239;Beherbergung
2002;11;Hotels;REAL;1007;Beherbergung
2002;12;Hotels;REAL;968;Beherbergung
2002;1;Ferienunterkünfte;REAL;765;Beherbergung
2002;2;Ferienunterkünfte;REAL;772;Beherbergung
2002;3;Ferienunterkünfte;REAL;989;Beherbergung
2002;4;Ferienunterkünfte;REAL;1083;Beherbergung
2002;5;Ferienunterkünfte;REAL;1406;Beherbergung
2002;6;Ferienunterkünfte;REAL;1466;Beherbergung
2002;7;Ferienunterkünfte;REAL;1685;Beherbergung
2002;8;Ferienunterkünfte;REAL;168;Beherbergung
2002;9;Ferienunterkünfte;REAL;1586;Beherbergung
2002;10;Ferienunterkünfte;REAL;1344;Beherbergung
2002;11;Ferienunterkünfte;REAL;72;Beherbergung
2002;12;Ferienunterkünfte;REAL;672;Beherbergung
2002;1;Campingplätze;REAL;687;Beherbergung
2002;2;Campingplätze;REAL;652;Beherbergung
2002;3;Campingplätze;REAL;853;Beherbergung
2002;4;Campingplätze;REAL;1384;Beherbergung
2002;5;Campingplätze;REAL;1216;Beherbergung
2002;6;Campingplätze;REAL;1178;Beherbergung
2002;7;Campingplätze;REAL;1451;Beherbergung
2002;8;Campingplätze;REAL;1536;Beherbergung
2002;9;Campingplätze;REAL;884;Beherbergung
2002;10;Campingplätze;REAL;693;Beherbergung
2002;11;Campingplätze;REAL;418;Beherbergung
2002;12;Campingplätze;REAL;42;Beherbergung
2002;1;Restaurant /Cafe;REAL;1253;Gastronomie
2002;2;Restaurant /Cafe;REAL;1208;Gastronomie
2002;3;Restaurant /Cafe;REAL;1402;Gastronomie
2002;4;Restaurant /Cafe;REAL;1391;Gastronomie
2002;5;Restaurant /Cafe;REAL;1528;Gastronomie
2002;6;Restaurant /Cafe;REAL;1445;Gastronomie
2002;7;Restaurant /Cafe;REAL;1482;Gastronomie
2002;8;Restaurant /Cafe;REAL;1495;Gastronomie
2002;9;Restaurant /Cafe;REAL;1424;Gastronomie
2002;10;Restaurant /Cafe;REAL;1358;Gastronomie
2002;11;Restaurant /Cafe;REAL;1234;Gastronomie
2002;12;Restaurant /Cafe;REAL;1384;Gastronomie
2002;1;Caterer;REAL;881;Gastronomie
2002;2;Caterer;REAL;884;Gastronomie
2002;3;Caterer;REAL;933;Gastronomie
2002;4;Caterer;REAL;968;Gastronomie
2002;5;Caterer;REAL;914;Gastronomie
2002;6;Caterer;REAL;952;Gastronomie
2002;7;Caterer;REAL;948;Gastronomie
2002;8;Caterer;REAL;895;Gastronomie
2002;9;Caterer;REAL;967;Gastronomie
2002;10;Caterer;REAL;949;Gastronomie
2002;11;Caterer;REAL;94;Gastronomie
2002;12;Caterer;REAL;896;Gastronomie
2002;1;Bars;REAL;1591;Gastronomie
2002;2;Bars;REAL;1554;Gastronomie
2002;3;Bars;REAL;1727;Gastronomie
2002;4;Bars;REAL;1663;Gastronomie
2002;5;Bars;REAL;1756;Gastronomie
2002;6;Bars;REAL;1691;Gastronomie
2002;7;Bars;REAL;1608;Gastronomie
2002;8;Bars;REAL;1687;Gastronomie
2002;9;Bars;REAL;1621;Gastronomie
2002;10;Bars;REAL;1691;Gastronomie
2002;11;Bars;REAL;1596;Gastronomie
2002;12;Bars;REAL;1764;Gastronomie
2003;1;Hotels;REAL;827;Beherbergung
2003;2;Hotels;REAL;849;Beherbergung
2003;3;Hotels;REAL;967;Beherbergung
2003;4;Hotels;REAL;965;Beherbergung
2003;5;Hotels;REAL;1177;Beherbergung
2003;6;Hotels;REAL;113;Beherbergung
2003;7;Hotels;REAL;1063;Beherbergung
2003;8;Hotels;REAL;1092;Beherbergung
2003;9;Hotels;REAL;124;Beherbergung
2003;10;Hotels;REAL;1185;Beherbergung
2003;11;Hotels;REAL;96;Beherbergung
2003;12;Hotels;REAL;95;Beherbergung
2003;1;Ferienunterkünfte;REAL;753;Beherbergung
2003;2;Ferienunterkünfte;REAL;809;Beherbergung
2003;3;Ferienunterkünfte;REAL;96;Beherbergung
2003;4;Ferienunterkünfte;REAL;1007;Beherbergung
2003;5;Ferienunterkünfte;REAL;1273;Beherbergung
2003;6;Ferienunterkünfte;REAL;1401;Beherbergung
2003;7;Ferienunterkünfte;REAL;1439;Beherbergung
2003;8;Ferienunterkünfte;REAL;1447;Beherbergung
2003;9;Ferienunterkünfte;REAL;1394;Beherbergung
2003;10;Ferienunterkünfte;REAL;1298;Beherbergung
2003;11;Ferienunterkünfte;REAL;808;Beherbergung
2003;12;Ferienunterkünfte;REAL;893;Beherbergung
2003;1;Campingplätze;REAL;838;Beherbergung
2003;2;Campingplätze;REAL;685;Beherbergung
2003;3;Campingplätze;REAL;1055;Beherbergung
2003;4;Campingplätze;REAL;1547;Beherbergung
2003;5;Campingplätze;REAL;1176;Beherbergung
2003;6;Campingplätze;REAL;1352;Beherbergung
2003;7;Campingplätze;REAL;1598;Beherbergung
2003;8;Campingplätze;REAL;1974;Beherbergung
2003;9;Campingplätze;REAL;1107;Beherbergung
2003;10;Campingplätze;REAL;83;Beherbergung
2003;11;Campingplätze;REAL;459;Beherbergung
2003;12;Campingplätze;REAL;508;Beherbergung
2003;1;Restaurant /Cafe;REAL;1126;Gastronomie
2003;2;Restaurant /Cafe;REAL;1103;Gastronomie
2003;3;Restaurant /Cafe;REAL;1255;Gastronomie
2003;4;Restaurant /Cafe;REAL;1261;Gastronomie
2003;5;Restaurant /Cafe;REAL;1391;Gastronomie
2003;6;Restaurant /Cafe;REAL;1352;Gastronomie
2003;7;Restaurant /Cafe;REAL;138;Gastronomie
2003;8;Restaurant /Cafe;REAL;1404;Gastronomie
2003;9;Restaurant /Cafe;REAL;1322;Gastronomie
2003;10;Restaurant /Cafe;REAL;1286;Gastronomie
2003;11;Restaurant /Cafe;REAL;1185;Gastronomie
2003;12;Restaurant /Cafe;REAL;1324;Gastronomie
2003;1;Caterer;REAL;857;Gastronomie
2003;2;Caterer;REAL;856;Gastronomie
2003;3;Caterer;REAL;901;Gastronomie
2003;4;Caterer;REAL;882;Gastronomie
2003;5;Caterer;REAL;898;Gastronomie
2003;6;Caterer;REAL;91;Gastronomie
2003;7;Caterer;REAL;945;Gastronomie
2003;8;Caterer;REAL;863;Gastronomie
2003;9;Caterer;REAL;974;Gastronomie
2003;10;Caterer;REAL;953;Gastronomie
2003;11;Caterer;REAL;911;Gastronomie
2003;12;Caterer;REAL;905;Gastronomie
2003;1;Bars;REAL;1573;Gastronomie
2003;2;Bars;REAL;1526;Gastronomie
2003;3;Bars;REAL;1667;Gastronomie
2003;4;Bars;REAL;1654;Gastronomie
2003;5;Bars;REAL;1768;Gastronomie
2003;6;Bars;REAL;1716;Gastronomie
2003;7;Bars;REAL;1661;Gastronomie
2003;8;Bars;REAL;1726;Gastronomie
2003;9;Bars;REAL;1685;Gastronomie
2003;10;Bars;REAL;1731;Gastronomie
2003;11;Bars;REAL;1614;Gastronomie
2003;12;Bars;REAL;1795;Gastronomie
2004;1;Hotels;REAL;787;Beherbergung
2004;2;Hotels;REAL;854;Beherbergung
2004;3;Hotels;REAL;974;Beherbergung
2004;4;Hotels;REAL;994;Beherbergung
2004;5;Hotels;REAL;121;Beherbergung
2004;6;Hotels;REAL;1115;Beherbergung
2004;7;Hotels;REAL;1083;Beherbergung
2004;8;Hotels;REAL;1094;Beherbergung
2004;9;Hotels;REAL;1266;Beherbergung
2004;10;Hotels;REAL;1191;Beherbergung
2004;11;Hotels;REAL;954;Beherbergung
2004;12;Hotels;REAL;933;Beherbergung
2004;1;Ferienunterkünfte;REAL;767;Beherbergung
2004;2;Ferienunterkünfte;REAL;845;Beherbergung
2004;3;Ferienunterkünfte;REAL;1059;Beherbergung
2004;4;Ferienunterkünfte;REAL;1137;Beherbergung
2004;5;Ferienunterkünfte;REAL;1268;Beherbergung
2004;6;Ferienunterkünfte;REAL;1392;Beherbergung
2004;7;Ferienunterkünfte;REAL;1431;Beherbergung
2004;8;Ferienunterkünfte;REAL;1436;Beherbergung
2004;9;Ferienunterkünfte;REAL;1441;Beherbergung
2004;10;Ferienunterkünfte;REAL;1234;Beherbergung
2004;11;Ferienunterkünfte;REAL;866;Beherbergung
2004;12;Ferienunterkünfte;REAL;769;Beherbergung
2004;1;Campingplätze;REAL;1021;Beherbergung
2004;2;Campingplätze;REAL;1003;Beherbergung
2004;3;Campingplätze;REAL;1111;Beherbergung
2004;4;Campingplätze;REAL;122;Beherbergung
2004;5;Campingplätze;REAL;1156;Beherbergung
2004;6;Campingplätze;REAL;1177;Beherbergung
2004;7;Campingplätze;REAL;1379;Beherbergung
2004;8;Campingplätze;REAL;1789;Beherbergung
2004;9;Campingplätze;REAL;1059;Beherbergung
2004;10;Campingplätze;REAL;742;Beherbergung
2004;11;Campingplätze;REAL;297;Beherbergung
2004;12;Campingplätze;REAL;34;Beherbergung
2004;1;Restaurant /Cafe;REAL;1082;Gastronomie
2004;2;Restaurant /Cafe;REAL;1088;Gastronomie
2004;3;Restaurant /Cafe;REAL;1153;Gastronomie
2004;4;Restaurant /Cafe;REAL;1233;Gastronomie
2004;5;Restaurant /Cafe;REAL;1325;Gastronomie
2004;6;Restaurant /Cafe;REAL;1239;Gastronomie
2004;7;Restaurant /Cafe;REAL;1317;Gastronomie
2004;8;Restaurant /Cafe;REAL;1319;Gastronomie
2004;9;Restaurant /Cafe;REAL;1268;Gastronomie
2004;10;Restaurant /Cafe;REAL;1254;Gastronomie
2004;11;Restaurant /Cafe;REAL;1129;Gastronomie
2004;12;Restaurant /Cafe;REAL;1277;Gastronomie
2004;1;Caterer;REAL;824;Gastronomie
2004;2;Caterer;REAL;841;Gastronomie
2004;3;Caterer;REAL;936;Gastronomie
2004;4;Caterer;REAL;887;Gastronomie
2004;5;Caterer;REAL;92;Gastronomie
2004;6;Caterer;REAL;916;Gastronomie
2004;7;Caterer;REAL;93;Gastronomie
2004;8;Caterer;REAL;845;Gastronomie
2004;9;Caterer;REAL;959;Gastronomie
2004;10;Caterer;REAL;94;Gastronomie
2004;11;Caterer;REAL;92;Gastronomie
2004;12;Caterer;REAL;922;Gastronomie
2004;1;Bars;REAL;1511;Gastronomie
2004;2;Bars;REAL;1477;Gastronomie
2004;3;Bars;REAL;1502;Gastronomie
2004;4;Bars;REAL;1563;Gastronomie
2004;5;Bars;REAL;1661;Gastronomie
2004;6;Bars;REAL;1551;Gastronomie
2004;7;Bars;REAL;1609;Gastronomie
2004;8;Bars;REAL;1569;Gastronomie
2004;9;Bars;REAL;1544;Gastronomie
2004;10;Bars;REAL;161;Gastronomie
2004;11;Bars;REAL;148;Gastronomie
2004;12;Bars;REAL;1698;Gastronomie
2005;1;Hotels;REAL;777;Beherbergung
2005;2;Hotels;REAL;804;Beherbergung
2005;3;Hotels;REAL;894;Beherbergung
2005;4;Hotels;REAL;99;Beherbergung
2005;5;Hotels;REAL;1115;Beherbergung
2005;6;Hotels;REAL;1092;Beherbergung
2005;7;Hotels;REAL;1053;Beherbergung
2005;8;Hotels;REAL;1092;Beherbergung
2005;9;Hotels;REAL;1248;Beherbergung
2005;10;Hotels;REAL;116;Beherbergung
2005;11;Hotels;REAL;911;Beherbergung
2005;12;Hotels;REAL;959;Beherbergung
2005;1;Ferienunterkünfte;REAL;759;Beherbergung
2005;2;Ferienunterkünfte;REAL;793;Beherbergung
2005;3;Ferienunterkünfte;REAL;976;Beherbergung
2005;4;Ferienunterkünfte;REAL;1025;Beherbergung
2005;5;Ferienunterkünfte;REAL;1291;Beherbergung
2005;6;Ferienunterkünfte;REAL;1332;Beherbergung
2005;7;Ferienunterkünfte;REAL;1527;Beherbergung
2005;8;Ferienunterkünfte;REAL;149;Beherbergung
2005;9;Ferienunterkünfte;REAL;1421;Beherbergung
2005;10;Ferienunterkünfte;REAL;1283;Beherbergung
2005;11;Ferienunterkünfte;REAL;86;Beherbergung
2005;12;Ferienunterkünfte;REAL;764;Beherbergung
2005;1;Campingplätze;REAL;1655;Beherbergung
2005;2;Campingplätze;REAL;625;Beherbergung
2005;3;Campingplätze;REAL;1158;Beherbergung
2005;4;Campingplätze;REAL;993;Beherbergung
2005;5;Campingplätze;REAL;1144;Beherbergung
2005;6;Campingplätze;REAL;93;Beherbergung
2005;7;Campingplätze;REAL;1476;Beherbergung
2005;8;Campingplätze;REAL;1584;Beherbergung
2005;9;Campingplätze;REAL;1136;Beherbergung
2005;10;Campingplätze;REAL;688;Beherbergung
2005;11;Campingplätze;REAL;295;Beherbergung
2005;12;Campingplätze;REAL;317;Beherbergung
2005;1;Restaurant /Cafe;REAL;105;Gastronomie
2005;2;Restaurant /Cafe;REAL;987;Gastronomie
2005;3;Restaurant /Cafe;REAL;1136;Gastronomie
2005;4;Restaurant /Cafe;REAL;1178;Gastronomie
2005;5;Restaurant /Cafe;REAL;1276;Gastronomie
2005;6;Restaurant /Cafe;REAL;1224;Gastronomie
2005;7;Restaurant /Cafe;REAL;1312;Gastronomie
2005;8;Restaurant /Cafe;REAL;1279;Gastronomie
2005;9;Restaurant /Cafe;REAL;1258;Gastronomie
2005;10;Restaurant /Cafe;REAL;1241;Gastronomie
2005;11;Restaurant /Cafe;REAL;1087;Gastronomie
2005;12;Restaurant /Cafe;REAL;1251;Gastronomie
2005;1;Caterer;REAL;833;Gastronomie
2005;2;Caterer;REAL;845;Gastronomie
2005;3;Caterer;REAL;89;Gastronomie
2005;4;Caterer;REAL;923;Gastronomie
2005;5;Caterer;REAL;896;Gastronomie
2005;6;Caterer;REAL;989;Gastronomie
2005;7;Caterer;REAL;906;Gastronomie
2005;8;Caterer;REAL;88;Gastronomie
2005;9;Caterer;REAL;1009;Gastronomie
2005;10;Caterer;REAL;922;Gastronomie
2005;11;Caterer;REAL;939;Gastronomie
2005;12;Caterer;REAL;962;Gastronomie
2005;1;Bars;REAL;140;Gastronomie
2005;2;Bars;REAL;1338;Gastronomie
2005;3;Bars;REAL;145;Gastronomie
2005;4;Bars;REAL;1477;Gastronomie
2005;5;Bars;REAL;1554;Gastronomie
2005;6;Bars;REAL;1443;Gastronomie
2005;7;Bars;REAL;1532;Gastronomie
2005;8;Bars;REAL;1515;Gastronomie
2005;9;Bars;REAL;1495;Gastronomie
2005;10;Bars;REAL;1532;Gastronomie
2005;11;Bars;REAL;137;Gastronomie
2005;12;Bars;REAL;1657;Gastronomie
2006;1;Hotels;REAL;792;Beherbergung
2006;2;Hotels;REAL;814;Beherbergung
2006;3;Hotels;REAL;929;Beherbergung
2006;4;Hotels;REAL;966;Beherbergung
2006;5;Hotels;REAL;1182;Beherbergung
2006;6;Hotels;REAL;1136;Beherbergung
2006;7;Hotels;REAL;1123;Beherbergung
2006;8;Hotels;REAL;1084;Beherbergung
2006;9;Hotels;REAL;1287;Beherbergung
2006;10;Hotels;REAL;1184;Beherbergung
2006;11;Hotels;REAL;907;Beherbergung
2006;12;Hotels;REAL;998;Beherbergung
2006;1;Ferienunterkünfte;REAL;757;Beherbergung
2006;2;Ferienunterkünfte;REAL;749;Beherbergung
2006;3;Ferienunterkünfte;REAL;852;Beherbergung
2006;4;Ferienunterkünfte;REAL;1036;Beherbergung
2006;5;Ferienunterkünfte;REAL;127;Beherbergung
2006;6;Ferienunterkünfte;REAL;1345;Beherbergung
2006;7;Ferienunterkünfte;REAL;1508;Beherbergung
2006;8;Ferienunterkünfte;REAL;1554;Beherbergung
2006;9;Ferienunterkünfte;REAL;1506;Beherbergung
2006;10;Ferienunterkünfte;REAL;1273;Beherbergung
2006;11;Ferienunterkünfte;REAL;747;Beherbergung
2006;12;Ferienunterkünfte;REAL;742;Beherbergung
2006;1;Campingplätze;REAL;887;Beherbergung
2006;2;Campingplätze;REAL;1293;Beherbergung
2006;3;Campingplätze;REAL;1113;Beherbergung
2006;4;Campingplätze;REAL;1124;Beherbergung
2006;5;Campingplätze;REAL;883;Beherbergung
2006;6;Campingplätze;REAL;1316;Beherbergung
2006;7;Campingplätze;REAL;1706;Beherbergung
2006;8;Campingplätze;REAL;1428;Beherbergung
2006;9;Campingplätze;REAL;1009;Beherbergung
2006;10;Campingplätze;REAL;768;Beherbergung
2006;11;Campingplätze;REAL;354;Beherbergung
2006;12;Campingplätze;REAL;721;Beherbergung
2006;1;Restaurant /Cafe;REAL;101;Gastronomie
2006;2;Restaurant /Cafe;REAL;972;Gastronomie
2006;3;Restaurant /Cafe;REAL;1066;Gastronomie
2006;4;Restaurant /Cafe;REAL;1168;Gastronomie
2006;5;Restaurant /Cafe;REAL;1231;Gastronomie
2006;6;Restaurant /Cafe;REAL;1215;Gastronomie
2006;7;Restaurant /Cafe;REAL;1294;Gastronomie
2006;8;Restaurant /Cafe;REAL;124;Gastronomie
2006;9;Restaurant /Cafe;REAL;1255;Gastronomie
2006;10;Restaurant /Cafe;REAL;1208;Gastronomie
2006;11;Restaurant /Cafe;REAL;1083;Gastronomie
2006;12;Restaurant /Cafe;REAL;1263;Gastronomie
2006;1;Caterer;REAL;842;Gastronomie
2006;2;Caterer;REAL;842;Gastronomie
2006;3;Caterer;REAL;937;Gastronomie
2006;4;Caterer;REAL;895;Gastronomie
2006;5;Caterer;REAL;976;Gastronomie
2006;6;Caterer;REAL;943;Gastronomie
2006;7;Caterer;REAL;949;Gastronomie
2006;8;Caterer;REAL;899;Gastronomie
2006;9;Caterer;REAL;1031;Gastronomie
2006;10;Caterer;REAL;946;Gastronomie
2006;11;Caterer;REAL;955;Gastronomie
2006;12;Caterer;REAL;954;Gastronomie
2006;1;Bars;REAL;1333;Gastronomie
2006;2;Bars;REAL;1333;Gastronomie
2006;3;Bars;REAL;1392;Gastronomie
2006;4;Bars;REAL;1459;Gastronomie
2006;5;Bars;REAL;1491;Gastronomie
2006;6;Bars;REAL;1515;Gastronomie
2006;7;Bars;REAL;1464;Gastronomie
2006;8;Bars;REAL;1445;Gastronomie
2006;9;Bars;REAL;1499;Gastronomie
2006;10;Bars;REAL;1487;Gastronomie
2006;11;Bars;REAL;1369;Gastronomie
2006;12;Bars;REAL;168;Gastronomie
2007;1;Hotels;REAL;794;Beherbergung
2007;2;Hotels;REAL;826;Beherbergung
2007;3;Hotels;REAL;974;Beherbergung
2007;4;Hotels;REAL;101;Beherbergung
2007;5;Hotels;REAL;1152;Beherbergung
2007;6;Hotels;REAL;1116;Beherbergung
2007;7;Hotels;REAL;1095;Beherbergung
2007;8;Hotels;REAL;1117;Beherbergung
2007;9;Hotels;REAL;1243;Beherbergung
2007;10;Hotels;REAL;1212;Beherbergung
2007;11;Hotels;REAL;961;Beherbergung
2007;12;Hotels;REAL;1004;Beherbergung
2007;1;Ferienunterkünfte;REAL;701;Beherbergung
2007;2;Ferienunterkünfte;REAL;716;Beherbergung
2007;3;Ferienunterkünfte;REAL;91;Beherbergung
2007;4;Ferienunterkünfte;REAL;103;Beherbergung
2007;5;Ferienunterkünfte;REAL;1217;Beherbergung
2007;6;Ferienunterkünfte;REAL;1337;Beherbergung
2007;7;Ferienunterkünfte;REAL;148;Beherbergung
2007;8;Ferienunterkünfte;REAL;1508;Beherbergung
2007;9;Ferienunterkünfte;REAL;1318;Beherbergung
2007;10;Ferienunterkünfte;REAL;1191;Beherbergung
2007;11;Ferienunterkünfte;REAL;771;Beherbergung
2007;12;Ferienunterkünfte;REAL;678;Beherbergung
2007;1;Campingplätze;REAL;1759;Beherbergung
2007;2;Campingplätze;REAL;759;Beherbergung
2007;3;Campingplätze;REAL;1279;Beherbergung
2007;4;Campingplätze;REAL;118;Beherbergung
2007;5;Campingplätze;REAL;1042;Beherbergung
2007;6;Campingplätze;REAL;1157;Beherbergung
2007;7;Campingplätze;REAL;1423;Beherbergung
2007;8;Campingplätze;REAL;1573;Beherbergung
2007;9;Campingplätze;REAL;1094;Beherbergung
2007;10;Campingplätze;REAL;80;Beherbergung
2007;11;Campingplätze;REAL;33;Beherbergung
2007;12;Campingplätze;REAL;311;Beherbergung
2007;1;Restaurant /Cafe;REAL;982;Gastronomie
2007;2;Restaurant /Cafe;REAL;968;Gastronomie
2007;3;Restaurant /Cafe;REAL;1102;Gastronomie
2007;4;Restaurant /Cafe;REAL;1174;Gastronomie
2007;5;Restaurant /Cafe;REAL;1209;Gastronomie
2007;6;Restaurant /Cafe;REAL;1194;Gastronomie
2007;7;Restaurant /Cafe;REAL;1235;Gastronomie
2007;8;Restaurant /Cafe;REAL;1222;Gastronomie
2007;9;Restaurant /Cafe;REAL;1181;Gastronomie
2007;10;Restaurant /Cafe;REAL;1162;Gastronomie
2007;11;Restaurant /Cafe;REAL;1066;Gastronomie
2007;12;Restaurant /Cafe;REAL;1219;Gastronomie
2007;1;Caterer;REAL;88;Gastronomie
2007;2;Caterer;REAL;864;Gastronomie
2007;3;Caterer;REAL;978;Gastronomie
2007;4;Caterer;REAL;892;Gastronomie
2007;5;Caterer;REAL;963;Gastronomie
2007;6;Caterer;REAL;986;Gastronomie
2007;7;Caterer;REAL;955;Gastronomie
2007;8;Caterer;REAL;909;Gastronomie
2007;9;Caterer;REAL;996;Gastronomie
2007;10;Caterer;REAL;997;Gastronomie
2007;11;Caterer;REAL;988;Gastronomie
2007;12;Caterer;REAL;946;Gastronomie
2007;1;Bars;REAL;1232;Gastronomie
2007;2;Bars;REAL;127;Gastronomie
2007;3;Bars;REAL;137;Gastronomie
2007;4;Bars;REAL;1395;Gastronomie
2007;5;Bars;REAL;1437;Gastronomie
2007;6;Bars;REAL;1386;Gastronomie
2007;7;Bars;REAL;1356;Gastronomie
2007;8;Bars;REAL;1427;Gastronomie
2007;9;Bars;REAL;1356;Gastronomie
2007;10;Bars;REAL;141;Gastronomie
2007;11;Bars;REAL;1305;Gastronomie
2007;12;Bars;REAL;156;Gastronomie
2008;1;Hotels;REAL;811;Beherbergung
2008;2;Hotels;REAL;871;Beherbergung
2008;3;Hotels;REAL;902;Beherbergung
2008;4;Hotels;REAL;1015;Beherbergung
2008;5;Hotels;REAL;1173;Beherbergung
2008;6;Hotels;REAL;112;Beherbergung
2008;7;Hotels;REAL;108;Beherbergung
2008;8;Hotels;REAL;1099;Beherbergung
2008;9;Hotels;REAL;1226;Beherbergung
2008;10;Hotels;REAL;115;Beherbergung
2008;11;Hotels;REAL;928;Beherbergung
2008;12;Hotels;REAL;932;Beherbergung
2008;1;Ferienunterkünfte;REAL;702;Beherbergung
2008;2;Ferienunterkünfte;REAL;759;Beherbergung
2008;3;Ferienunterkünfte;REAL;893;Beherbergung
2008;4;Ferienunterkünfte;REAL;976;Beherbergung
2008;5;Ferienunterkünfte;REAL;1295;Beherbergung
2008;6;Ferienunterkünfte;REAL;1315;Beherbergung
2008;7;Ferienunterkünfte;REAL;1477;Beherbergung
2008;8;Ferienunterkünfte;REAL;1518;Beherbergung
2008;9;Ferienunterkünfte;REAL;1335;Beherbergung
2008;10;Ferienunterkünfte;REAL;1213;Beherbergung
2008;11;Ferienunterkünfte;REAL;759;Beherbergung
2008;12;Ferienunterkünfte;REAL;678;Beherbergung
2008;1;Campingplätze;REAL;1113;Beherbergung
2008;2;Campingplätze;REAL;812;Beherbergung
2008;3;Campingplätze;REAL;1263;Beherbergung
2008;4;Campingplätze;REAL;143;Beherbergung
2008;5;Campingplätze;REAL;1508;Beherbergung
2008;6;Campingplätze;REAL;1212;Beherbergung
2008;7;Campingplätze;REAL;1769;Beherbergung
2008;8;Campingplätze;REAL;1813;Beherbergung
2008;9;Campingplätze;REAL;1432;Beherbergung
2008;10;Campingplätze;REAL;904;Beherbergung
2008;11;Campingplätze;REAL;406;Beherbergung
2008;12;Campingplätze;REAL;402;Beherbergung
2008;1;Restaurant /Cafe;REAL;957;Gastronomie
2008;2;Restaurant /Cafe;REAL;98;Gastronomie
2008;3;Restaurant /Cafe;REAL;1061;Gastronomie
2008;4;Restaurant /Cafe;REAL;1061;Gastronomie
2008;5;Restaurant /Cafe;REAL;1214;Gastronomie
2008;6;Restaurant /Cafe;REAL;113;Gastronomie
2008;7;Restaurant /Cafe;REAL;1199;Gastronomie
2008;8;Restaurant /Cafe;REAL;1219;Gastronomie
2008;9;Restaurant /Cafe;REAL;1123;Gastronomie
2008;10;Restaurant /Cafe;REAL;1121;Gastronomie
2008;11;Restaurant /Cafe;REAL;1028;Gastronomie
2008;12;Restaurant /Cafe;REAL;1154;Gastronomie
2008;1;Caterer;REAL;886;Gastronomie
2008;2;Caterer;REAL;90;Gastronomie
2008;3;Caterer;REAL;89;Gastronomie
2008;4;Caterer;REAL;991;Gastronomie
2008;5;Caterer;REAL;936;Gastronomie
2008;6;Caterer;REAL;1021;Gastronomie
2008;7;Caterer;REAL;949;Gastronomie
2008;8;Caterer;REAL;882;Gastronomie
2008;9;Caterer;REAL;1021;Gastronomie
2008;10;Caterer;REAL;985;Gastronomie
2008;11;Caterer;REAL;962;Gastronomie
2008;12;Caterer;REAL;925;Gastronomie
2008;1;Bars;REAL;1161;Gastronomie
2008;2;Bars;REAL;1233;Gastronomie
2008;3;Bars;REAL;1264;Gastronomie
2008;4;Bars;REAL;1266;Gastronomie
2008;5;Bars;REAL;1428;Gastronomie
2008;6;Bars;REAL;1265;Gastronomie
2008;7;Bars;REAL;128;Gastronomie
2008;8;Bars;REAL;1357;Gastronomie
2008;9;Bars;REAL;1264;Gastronomie
2008;10;Bars;REAL;1338;Gastronomie
2008;11;Bars;REAL;1243;Gastronomie
2008;12;Bars;REAL;142;Gastronomie
2009;1;Hotels;REAL;706;Beherbergung
2009;2;Hotels;REAL;745;Beherbergung
2009;3;Hotels;REAL;845;Beherbergung
2009;4;Hotels;REAL;863;Beherbergung
2009;5;Hotels;REAL;1047;Beherbergung
2009;6;Hotels;REAL;100;Beherbergung
2009;7;Hotels;REAL;101;Beherbergung
2009;8;Hotels;REAL;1038;Beherbergung
2009;9;Hotels;REAL;1123;Beherbergung
2009;10;Hotels;REAL;105;Beherbergung
2009;11;Hotels;REAL;866;Beherbergung
2009;12;Hotels;REAL;899;Beherbergung
2009;1;Ferienunterkünfte;REAL;662;Beherbergung
2009;2;Ferienunterkünfte;REAL;701;Beherbergung
2009;3;Ferienunterkünfte;REAL;769;Beherbergung
2009;4;Ferienunterkünfte;REAL;96;Beherbergung
2009;5;Ferienunterkünfte;REAL;1198;Beherbergung
2009;6;Ferienunterkünfte;REAL;1289;Beherbergung
2009;7;Ferienunterkünfte;REAL;1485;Beherbergung
2009;8;Ferienunterkünfte;REAL;151;Beherbergung
2009;9;Ferienunterkünfte;REAL;1306;Beherbergung
2009;10;Ferienunterkünfte;REAL;1169;Beherbergung
2009;11;Ferienunterkünfte;REAL;682;Beherbergung
2009;12;Ferienunterkünfte;REAL;611;Beherbergung
2009;1;Campingplätze;REAL;1203;Beherbergung
2009;2;Campingplätze;REAL;609;Beherbergung
2009;3;Campingplätze;REAL;1045;Beherbergung
2009;4;Campingplätze;REAL;1344;Beherbergung
2009;5;Campingplätze;REAL;1233;Beherbergung
2009;6;Campingplätze;REAL;1338;Beherbergung
2009;7;Campingplätze;REAL;1892;Beherbergung
2009;8;Campingplätze;REAL;1959;Beherbergung
2009;9;Campingplätze;REAL;1114;Beherbergung
2009;10;Campingplätze;REAL;87;Beherbergung
2009;11;Campingplätze;REAL;43;Beherbergung
2009;12;Campingplätze;REAL;515;Beherbergung
2009;1;Restaurant /Cafe;REAL;882;Gastronomie
2009;2;Restaurant /Cafe;REAL;855;Gastronomie
2009;3;Restaurant /Cafe;REAL;961;Gastronomie
2009;4;Restaurant /Cafe;REAL;1049;Gastronomie
2009;5;Restaurant /Cafe;REAL;114;Gastronomie
2009;6;Restaurant /Cafe;REAL;1072;Gastronomie
2009;7;Restaurant /Cafe;REAL;1148;Gastronomie
2009;8;Restaurant /Cafe;REAL;1162;Gastronomie
2009;9;Restaurant /Cafe;REAL;1069;Gastronomie
2009;10;Restaurant /Cafe;REAL;1043;Gastronomie
2009;11;Restaurant /Cafe;REAL;943;Gastronomie
2009;12;Restaurant /Cafe;REAL;1076;Gastronomie
2009;1;Caterer;REAL;806;Gastronomie
2009;2;Caterer;REAL;81;Gastronomie
2009;3;Caterer;REAL;886;Gastronomie
2009;4;Caterer;REAL;84;Gastronomie
2009;5;Caterer;REAL;903;Gastronomie
2009;6;Caterer;REAL;924;Gastronomie
2009;7;Caterer;REAL;913;Gastronomie
2009;8;Caterer;REAL;851;Gastronomie
2009;9;Caterer;REAL;927;Gastronomie
2009;10;Caterer;REAL;917;Gastronomie
2009;11;Caterer;REAL;906;Gastronomie
2009;12;Caterer;REAL;908;Gastronomie
2009;1;Bars;REAL;1067;Gastronomie
2009;2;Bars;REAL;1051;Gastronomie
2009;3;Bars;REAL;1075;Gastronomie
2009;4;Bars;REAL;1158;Gastronomie
2009;5;Bars;REAL;126;Gastronomie
2009;6;Bars;REAL;1126;Gastronomie
2009;7;Bars;REAL;1172;Gastronomie
2009;8;Bars;REAL;1242;Gastronomie
2009;9;Bars;REAL;1187;Gastronomie
2009;10;Bars;REAL;1202;Gastronomie
2009;11;Bars;REAL;1098;Gastronomie
2009;12;Bars;REAL;1307;Gastronomie
2010;1;Hotels;REAL;689;Beherbergung
2010;2;Hotels;REAL;737;Beherbergung
2010;3;Hotels;REAL;831;Beherbergung
2010;4;Hotels;REAL;905;Beherbergung
2010;5;Hotels;REAL;1006;Beherbergung
2010;6;Hotels;REAL;102;Beherbergung
2010;7;Hotels;REAL;1026;Beherbergung
2010;8;Hotels;REAL;1023;Beherbergung
2010;9;Hotels;REAL;1169;Beherbergung
2010;10;Hotels;REAL;1109;Beherbergung
2010;11;Hotels;REAL;913;Beherbergung
2010;12;Hotels;REAL;898;Beherbergung
2010;1;Ferienunterkünfte;REAL;59;Beherbergung
2010;2;Ferienunterkünfte;REAL;652;Beherbergung
2010;3;Ferienunterkünfte;REAL;753;Beherbergung
2010;4;Ferienunterkünfte;REAL;904;Beherbergung
2010;5;Ferienunterkünfte;REAL;1142;Beherbergung
2010;6;Ferienunterkünfte;REAL;1237;Beherbergung
2010;7;Ferienunterkünfte;REAL;1632;Beherbergung
2010;8;Ferienunterkünfte;REAL;1548;Beherbergung
2010;9;Ferienunterkünfte;REAL;1246;Beherbergung
2010;10;Ferienunterkünfte;REAL;1133;Beherbergung
2010;11;Ferienunterkünfte;REAL;638;Beherbergung
2010;12;Ferienunterkünfte;REAL;642;Beherbergung
2010;1;Campingplätze;REAL;1034;Beherbergung
2010;2;Campingplätze;REAL;561;Beherbergung
2010;3;Campingplätze;REAL;1004;Beherbergung
2010;4;Campingplätze;REAL;1212;Beherbergung
2010;5;Campingplätze;REAL;112;Beherbergung
2010;6;Campingplätze;REAL;122;Beherbergung
2010;7;Campingplätze;REAL;2061;Beherbergung
2010;8;Campingplätze;REAL;1828;Beherbergung
2010;9;Campingplätze;REAL;935;Beherbergung
2010;10;Campingplätze;REAL;731;Beherbergung
2010;11;Campingplätze;REAL;379;Beherbergung
2010;12;Campingplätze;REAL;384;Beherbergung
2010;1;Restaurant /Cafe;REAL;833;Gastronomie
2010;2;Restaurant /Cafe;REAL;824;Gastronomie
2010;3;Restaurant /Cafe;REAL;95;Gastronomie
2010;4;Restaurant /Cafe;REAL;100;Gastronomie
2010;5;Restaurant /Cafe;REAL;1065;Gastronomie
2010;6;Restaurant /Cafe;REAL;1038;Gastronomie
2010;7;Restaurant /Cafe;REAL;114;Gastronomie
2010;8;Restaurant /Cafe;REAL;1117;Gastronomie
2010;9;Restaurant /Cafe;REAL;1066;Gastronomie
2010;10;Restaurant /Cafe;REAL;1073;Gastronomie
2010;11;Restaurant /Cafe;REAL;952;Gastronomie
2010;12;Restaurant /Cafe;REAL;1036;Gastronomie
2010;1;Caterer;REAL;798;Gastronomie
2010;2;Caterer;REAL;827;Gastronomie
2010;3;Caterer;REAL;931;Gastronomie
2010;4;Caterer;REAL;867;Gastronomie
2010;5;Caterer;REAL;895;Gastronomie
2010;6;Caterer;REAL;963;Gastronomie
2010;7;Caterer;REAL;908;Gastronomie
2010;8;Caterer;REAL;875;Gastronomie
2010;9;Caterer;REAL;967;Gastronomie
2010;10;Caterer;REAL;94;Gastronomie
2010;11;Caterer;REAL;933;Gastronomie
2010;12;Caterer;REAL;945;Gastronomie
2010;1;Bars;REAL;968;Gastronomie
2010;2;Bars;REAL;97;Gastronomie
2010;3;Bars;REAL;1007;Gastronomie
2010;4;Bars;REAL;1127;Gastronomie
2010;5;Bars;REAL;1205;Gastronomie
2010;6;Bars;REAL;1096;Gastronomie
2010;7;Bars;REAL;1196;Gastronomie
2010;8;Bars;REAL;1164;Gastronomie
2010;9;Bars;REAL;1178;Gastronomie
2010;10;Bars;REAL;1215;Gastronomie
2010;11;Bars;REAL;1046;Gastronomie
2010;12;Bars;REAL;1205;Gastronomie
2011;1;Hotels;REAL;734;Beherbergung
2011;2;Hotels;REAL;765;Beherbergung
2011;3;Hotels;REAL;881;Beherbergung
2011;4;Hotels;REAL;906;Beherbergung
2011;5;Hotels;REAL;1103;Beherbergung
2011;6;Hotels;REAL;1047;Beherbergung
2011;7;Hotels;REAL;1053;Beherbergung
2011;8;Hotels;REAL;1021;Beherbergung
2011;9;Hotels;REAL;1168;Beherbergung
2011;10;Hotels;REAL;1107;Beherbergung
2011;11;Hotels;REAL;922;Beherbergung
2011;12;Hotels;REAL;929;Beherbergung
2011;1;Ferienunterkünfte;REAL;592;Beherbergung
2011;2;Ferienunterkünfte;REAL;636;Beherbergung
2011;3;Ferienunterkünfte;REAL;704;Beherbergung
2011;4;Ferienunterkünfte;REAL;986;Beherbergung
2011;5;Ferienunterkünfte;REAL;1105;Beherbergung
2011;6;Ferienunterkünfte;REAL;1298;Beherbergung
2011;7;Ferienunterkünfte;REAL;157;Beherbergung
2011;8;Ferienunterkünfte;REAL;1531;Beherbergung
2011;9;Ferienunterkünfte;REAL;1265;Beherbergung
2011;10;Ferienunterkünfte;REAL;1168;Beherbergung
2011;11;Ferienunterkünfte;REAL;645;Beherbergung
2011;12;Ferienunterkünfte;REAL;648;Beherbergung
2011;1;Campingplätze;REAL;1099;Beherbergung
2011;2;Campingplätze;REAL;514;Beherbergung
2011;3;Campingplätze;REAL;812;Beherbergung
2011;4;Campingplätze;REAL;1607;Beherbergung
2011;5;Campingplätze;REAL;93;Beherbergung
2011;6;Campingplätze;REAL;1452;Beherbergung
2011;7;Campingplätze;REAL;1807;Beherbergung
2011;8;Campingplätze;REAL;1812;Beherbergung
2011;9;Campingplätze;REAL;1018;Beherbergung
2011;10;Campingplätze;REAL;746;Beherbergung
2011;11;Campingplätze;REAL;386;Beherbergung
2011;12;Campingplätze;REAL;359;Beherbergung
2011;1;Restaurant /Cafe;REAL;874;Gastronomie
2011;2;Restaurant /Cafe;REAL;841;Gastronomie
2011;3;Restaurant /Cafe;REAL;974;Gastronomie
2011;4;Restaurant /Cafe;REAL;1037;Gastronomie
2011;5;Restaurant /Cafe;REAL;1086;Gastronomie
2011;6;Restaurant /Cafe;REAL;1083;Gastronomie
2011;7;Restaurant /Cafe;REAL;1145;Gastronomie
2011;8;Restaurant /Cafe;REAL;1111;Gastronomie
2011;9;Restaurant /Cafe;REAL;110;Gastronomie
2011;10;Restaurant /Cafe;REAL;1077;Gastronomie
2011;11;Restaurant /Cafe;REAL;972;Gastronomie
2011;12;Restaurant /Cafe;REAL;1102;Gastronomie
2011;1;Caterer;REAL;813;Gastronomie
2011;2;Caterer;REAL;841;Gastronomie
2011;3;Caterer;REAL;927;Gastronomie
2011;4;Caterer;REAL;873;Gastronomie
2011;5;Caterer;REAL;983;Gastronomie
2011;6;Caterer;REAL;918;Gastronomie
2011;7;Caterer;REAL;935;Gastronomie
2011;8;Caterer;REAL;859;Gastronomie
2011;9;Caterer;REAL;971;Gastronomie
2011;10;Caterer;REAL;951;Gastronomie
2011;11;Caterer;REAL;963;Gastronomie
2011;12;Caterer;REAL;965;Gastronomie
2011;1;Bars;REAL;964;Gastronomie
2011;2;Bars;REAL;93;Gastronomie
2011;3;Bars;REAL;1047;Gastronomie
2011;4;Bars;REAL;1186;Gastronomie
2011;5;Bars;REAL;113;Gastronomie
2011;6;Bars;REAL;1196;Gastronomie
2011;7;Bars;REAL;1212;Gastronomie
2011;8;Bars;REAL;1185;Gastronomie
2011;9;Bars;REAL;1214;Gastronomie
2011;10;Bars;REAL;1235;Gastronomie
2011;11;Bars;REAL;1043;Gastronomie
2011;12;Bars;REAL;1274;Gastronomie
2012;1;Hotels;REAL;743;Beherbergung
2012;2;Hotels;REAL;799;Beherbergung
2012;3;Hotels;REAL;916;Beherbergung
2012;4;Hotels;REAL;928;Beherbergung
2012;5;Hotels;REAL;1114;Beherbergung
2012;6;Hotels;REAL;1071;Beherbergung
2012;7;Hotels;REAL;1056;Beherbergung
2012;8;Hotels;REAL;1082;Beherbergung
2012;9;Hotels;REAL;1202;Beherbergung
2012;10;Hotels;REAL;1097;Beherbergung
2012;11;Hotels;REAL;928;Beherbergung
2012;12;Hotels;REAL;93;Beherbergung
2012;1;Ferienunterkünfte;REAL;603;Beherbergung
2012;2;Ferienunterkünfte;REAL;662;Beherbergung
2012;3;Ferienunterkünfte;REAL;76;Beherbergung
2012;4;Ferienunterkünfte;REAL;963;Beherbergung
2012;5;Ferienunterkünfte;REAL;1148;Beherbergung
2012;6;Ferienunterkünfte;REAL;1229;Beherbergung
2012;7;Ferienunterkünfte;REAL;1433;Beherbergung
2012;8;Ferienunterkünfte;REAL;1489;Beherbergung
2012;9;Ferienunterkünfte;REAL;1208;Beherbergung
2012;10;Ferienunterkünfte;REAL;1117;Beherbergung
2012;11;Ferienunterkünfte;REAL;684;Beherbergung
2012;12;Ferienunterkünfte;REAL;719;Beherbergung
2012;1;Campingplätze;REAL;1051;Beherbergung
2012;2;Campingplätze;REAL;542;Beherbergung
2012;3;Campingplätze;REAL;882;Beherbergung
2012;4;Campingplätze;REAL;1202;Beherbergung
2012;5;Campingplätze;REAL;1187;Beherbergung
2012;6;Campingplätze;REAL;1284;Beherbergung
2012;7;Campingplätze;REAL;183;Beherbergung
2012;8;Campingplätze;REAL;1977;Beherbergung
2012;9;Campingplätze;REAL;1098;Beherbergung
2012;10;Campingplätze;REAL;808;Beherbergung
2012;11;Campingplätze;REAL;407;Beherbergung
2012;12;Campingplätze;REAL;411;Beherbergung
2012;1;Restaurant /Cafe;REAL;861;Gastronomie
2012;2;Restaurant /Cafe;REAL;841;Gastronomie
2012;3;Restaurant /Cafe;REAL;984;Gastronomie
2012;4;Restaurant /Cafe;REAL;997;Gastronomie
2012;5;Restaurant /Cafe;REAL;1091;Gastronomie
2012;6;Restaurant /Cafe;REAL;1049;Gastronomie
2012;7;Restaurant /Cafe;REAL;1109;Gastronomie
2012;8;Restaurant /Cafe;REAL;1112;Gastronomie
2012;9;Restaurant /Cafe;REAL;1088;Gastronomie
2012;10;Restaurant /Cafe;REAL;1036;Gastronomie
2012;11;Restaurant /Cafe;REAL;954;Gastronomie
2012;12;Restaurant /Cafe;REAL;1105;Gastronomie
2012;1;Caterer;REAL;844;Gastronomie
2012;2;Caterer;REAL;882;Gastronomie
2012;3;Caterer;REAL;946;Gastronomie
2012;4;Caterer;REAL;875;Gastronomie
2012;5;Caterer;REAL;943;Gastronomie
2012;6;Caterer;REAL;95;Gastronomie
2012;7;Caterer;REAL;919;Gastronomie
2012;8;Caterer;REAL;89;Gastronomie
2012;9;Caterer;REAL;984;Gastronomie
2012;10;Caterer;REAL;963;Gastronomie
2012;11;Caterer;REAL;979;Gastronomie
2012;12;Caterer;REAL;918;Gastronomie
2012;1;Bars;REAL;946;Gastronomie
2012;2;Bars;REAL;955;Gastronomie
2012;3;Bars;REAL;106;Gastronomie
2012;4;Bars;REAL;1103;Gastronomie
2012;5;Bars;REAL;1177;Gastronomie
2012;6;Bars;REAL;1142;Gastronomie
2012;7;Bars;REAL;1135;Gastronomie
2012;8;Bars;REAL;1192;Gastronomie
2012;9;Bars;REAL;1169;Gastronomie
2012;10;Bars;REAL;1144;Gastronomie
2012;11;Bars;REAL;1052;Gastronomie
2012;12;Bars;REAL;1289;Gastronomie
2013;1;Hotels;REAL;752;Beherbergung
2013;2;Hotels;REAL;777;Beherbergung
2013;3;Hotels;REAL;882;Beherbergung
2013;4;Hotels;REAL;954;Beherbergung
2013;5;Hotels;REAL;1024;Beherbergung
2013;6;Hotels;REAL;1051;Beherbergung
2013;7;Hotels;REAL;1049;Beherbergung
2013;8;Hotels;REAL;1084;Beherbergung
2013;9;Hotels;REAL;1168;Beherbergung
2013;10;Hotels;REAL;1128;Beherbergung
2013;11;Hotels;REAL;919;Beherbergung
2013;12;Hotels;REAL;909;Beherbergung
2013;1;Ferienunterkünfte;REAL;547;Beherbergung
2013;2;Ferienunterkünfte;REAL;589;Beherbergung
2013;3;Ferienunterkünfte;REAL;744;Beherbergung
2013;4;Ferienunterkünfte;REAL;819;Beherbergung
2013;5;Ferienunterkünfte;REAL;1084;Beherbergung
2013;6;Ferienunterkünfte;REAL;111;Beherbergung
2013;7;Ferienunterkünfte;REAL;1544;Beherbergung
2013;8;Ferienunterkünfte;REAL;1482;Beherbergung
2013;9;Ferienunterkünfte;REAL;1199;Beherbergung
2013;10;Ferienunterkünfte;REAL;1101;Beherbergung
2013;11;Ferienunterkünfte;REAL;62;Beherbergung
2013;12;Ferienunterkünfte;REAL;659;Beherbergung
2013;1;Campingplätze;REAL;1035;Beherbergung
2013;2;Campingplätze;REAL;487;Beherbergung
2013;3;Campingplätze;REAL;799;Beherbergung
2013;4;Campingplätze;REAL;872;Beherbergung
2013;5;Campingplätze;REAL;1061;Beherbergung
2013;6;Campingplätze;REAL;1101;Beherbergung
2013;7;Campingplätze;REAL;1875;Beherbergung
2013;8;Campingplätze;REAL;192;Beherbergung
2013;9;Campingplätze;REAL;1062;Beherbergung
2013;10;Campingplätze;REAL;716;Beherbergung
2013;11;Campingplätze;REAL;413;Beherbergung
2013;12;Campingplätze;REAL;388;Beherbergung
2013;1;Restaurant /Cafe;REAL;832;Gastronomie
2013;2;Restaurant /Cafe;REAL;809;Gastronomie
2013;3;Restaurant /Cafe;REAL;965;Gastronomie
2013;4;Restaurant /Cafe;REAL;962;Gastronomie
2013;5;Restaurant /Cafe;REAL;107;Gastronomie
2013;6;Restaurant /Cafe;REAL;1058;Gastronomie
2013;7;Restaurant /Cafe;REAL;1108;Gastronomie
2013;8;Restaurant /Cafe;REAL;1125;Gastronomie
2013;9;Restaurant /Cafe;REAL;1063;Gastronomie
2013;10;Restaurant /Cafe;REAL;1024;Gastronomie
2013;11;Restaurant /Cafe;REAL;957;Gastronomie
2013;12;Restaurant /Cafe;REAL;1081;Gastronomie
2013;1;Caterer;REAL;86;Gastronomie
2013;2;Caterer;REAL;851;Gastronomie
2013;3;Caterer;REAL;902;Gastronomie
2013;4;Caterer;REAL;931;Gastronomie
2013;5;Caterer;REAL;918;Gastronomie
2013;6;Caterer;REAL;97;Gastronomie
2013;7;Caterer;REAL;955;Gastronomie
2013;8;Caterer;REAL;861;Gastronomie
2013;9;Caterer;REAL;988;Gastronomie
2013;10;Caterer;REAL;999;Gastronomie
2013;11;Caterer;REAL;984;Gastronomie
2013;12;Caterer;REAL;946;Gastronomie
2013;1;Bars;REAL;854;Gastronomie
2013;2;Bars;REAL;868;Gastronomie
2013;3;Bars;REAL;1018;Gastronomie
2013;4;Bars;REAL;1011;Gastronomie
2013;5;Bars;REAL;1122;Gastronomie
2013;6;Bars;REAL;107;Gastronomie
2013;7;Bars;REAL;1075;Gastronomie
2013;8;Bars;REAL;1144;Gastronomie
2013;9;Bars;REAL;1096;Gastronomie
2013;10;Bars;REAL;1079;Gastronomie
2013;11;Bars;REAL;997;Gastronomie
2013;12;Bars;REAL;1183;Gastronomie
2014;1;Hotels;REAL;748;Beherbergung
2014;2;Hotels;REAL;762;Beherbergung
2014;3;Hotels;REAL;878;Beherbergung
2014;4;Hotels;REAL;899;Beherbergung
2014;5;Hotels;REAL;1118;Beherbergung
2014;6;Hotels;REAL;1055;Beherbergung
2014;7;Hotels;REAL;1067;Beherbergung
2014;8;Hotels;REAL;1103;Beherbergung
2014;9;Hotels;REAL;1218;Beherbergung
2014;10;Hotels;REAL;1128;Beherbergung
2014;11;Hotels;REAL;947;Beherbergung
2014;12;Hotels;REAL;925;Beherbergung
2014;1;Ferienunterkünfte;REAL;559;Beherbergung
2014;2;Ferienunterkünfte;REAL;623;Beherbergung
2014;3;Ferienunterkünfte;REAL;716;Beherbergung
2014;4;Ferienunterkünfte;REAL;96;Beherbergung
2014;5;Ferienunterkünfte;REAL;1069;Beherbergung
2014;6;Ferienunterkünfte;REAL;1188;Beherbergung
2014;7;Ferienunterkünfte;REAL;1384;Beherbergung
2014;8;Ferienunterkünfte;REAL;1508;Beherbergung
2014;9;Ferienunterkünfte;REAL;1211;Beherbergung
2014;10;Ferienunterkünfte;REAL;1137;Beherbergung
2014;11;Ferienunterkünfte;REAL;682;Beherbergung
2014;12;Ferienunterkünfte;REAL;703;Beherbergung
2014;1;Campingplätze;REAL;1059;Beherbergung
2014;2;Campingplätze;REAL;54;Beherbergung
2014;3;Campingplätze;REAL;671;Beherbergung
2014;4;Campingplätze;REAL;107;Beherbergung
2014;5;Campingplätze;REAL;904;Beherbergung
2014;6;Campingplätze;REAL;1418;Beherbergung
2014;7;Campingplätze;REAL;1771;Beherbergung
2014;8;Campingplätze;REAL;193;Beherbergung
2014;9;Campingplätze;REAL;1031;Beherbergung
2014;10;Campingplätze;REAL;722;Beherbergung
2014;11;Campingplätze;REAL;41;Beherbergung
2014;12;Campingplätze;REAL;406;Beherbergung
2014;1;Restaurant /Cafe;REAL;852;Gastronomie
2014;2;Restaurant /Cafe;REAL;828;Gastronomie
2014;3;Restaurant /Cafe;REAL;962;Gastronomie
2014;4;Restaurant /Cafe;REAL;962;Gastronomie
2014;5;Restaurant /Cafe;REAL;1071;Gastronomie
2014;6;Restaurant /Cafe;REAL;1026;Gastronomie
2014;7;Restaurant /Cafe;REAL;1086;Gastronomie
2014;8;Restaurant /Cafe;REAL;1123;Gastronomie
2014;9;Restaurant /Cafe;REAL;1047;Gastronomie
2014;10;Restaurant /Cafe;REAL;1043;Gastronomie
2014;11;Restaurant /Cafe;REAL;961;Gastronomie
2014;12;Restaurant /Cafe;REAL;1093;Gastronomie
2014;1;Caterer;REAL;865;Gastronomie
2014;2;Caterer;REAL;907;Gastronomie
2014;3;Caterer;REAL;967;Gastronomie
2014;4;Caterer;REAL;904;Gastronomie
2014;5;Caterer;REAL;97;Gastronomie
2014;6;Caterer;REAL;975;Gastronomie
2014;7;Caterer;REAL;992;Gastronomie
2014;8;Caterer;REAL;889;Gastronomie
2014;9;Caterer;REAL;1022;Gastronomie
2014;10;Caterer;REAL;1031;Gastronomie
2014;11;Caterer;REAL;1002;Gastronomie
2014;12;Caterer;REAL;1005;Gastronomie
2014;1;Bars;REAL;855;Gastronomie
2014;2;Bars;REAL;851;Gastronomie
2014;3;Bars;REAL;969;Gastronomie
2014;4;Bars;REAL;997;Gastronomie
2014;5;Bars;REAL;1114;Gastronomie
2014;6;Bars;REAL;1066;Gastronomie
2014;7;Bars;REAL;1078;Gastronomie
2014;8;Bars;REAL;1164;Gastronomie
2014;9;Bars;REAL;1087;Gastronomie
2014;10;Bars;REAL;109;Gastronomie
2014;11;Bars;REAL;972;Gastronomie
2014;12;Bars;REAL;1133;Gastronomie
2015;1;Hotels;REAL;752;Beherbergung
2015;2;Hotels;REAL;786;Beherbergung
2015;3;Hotels;REAL;894;Beherbergung
2015;4;Hotels;REAL;915;Beherbergung
2015;5;Hotels;REAL;1088;Beherbergung
2015;6;Hotels;REAL;1124;Beherbergung
2015;7;Hotels;REAL;1096;Beherbergung
2015;8;Hotels;REAL;1123;Beherbergung
2015;9;Hotels;REAL;1199;Beherbergung
2015;10;Hotels;REAL;1136;Beherbergung
2015;11;Hotels;REAL;951;Beherbergung
2015;12;Hotels;REAL;936;Beherbergung
2015;1;Ferienunterkünfte;REAL;65;Beherbergung
2015;2;Ferienunterkünfte;REAL;716;Beherbergung
2015;3;Ferienunterkünfte;REAL;836;Beherbergung
2015;4;Ferienunterkünfte;REAL;963;Beherbergung
2015;5;Ferienunterkünfte;REAL;1111;Beherbergung
2015;6;Ferienunterkünfte;REAL;1134;Beherbergung
2015;7;Ferienunterkünfte;REAL;1397;Beherbergung
2015;8;Ferienunterkünfte;REAL;1401;Beherbergung
2015;9;Ferienunterkünfte;REAL;1151;Beherbergung
2015;10;Ferienunterkünfte;REAL;1173;Beherbergung
2015;11;Ferienunterkünfte;REAL;714;Beherbergung
2015;12;Ferienunterkünfte;REAL;754;Beherbergung
2015;1;Campingplätze;REAL;998;Beherbergung
2015;2;Campingplätze;REAL;592;Beherbergung
2015;3;Campingplätze;REAL;704;Beherbergung
2015;4;Campingplätze;REAL;937;Beherbergung
2015;5;Campingplätze;REAL;1106;Beherbergung
2015;6;Campingplätze;REAL;1179;Beherbergung
2015;7;Campingplätze;REAL;1807;Beherbergung
2015;8;Campingplätze;REAL;2016;Beherbergung
2015;9;Campingplätze;REAL;1101;Beherbergung
2015;10;Campingplätze;REAL;75;Beherbergung
2015;11;Campingplätze;REAL;396;Beherbergung
2015;12;Campingplätze;REAL;415;Beherbergung
2015;1;Restaurant /Cafe;REAL;838;Gastronomie
2015;2;Restaurant /Cafe;REAL;817;Gastronomie
2015;3;Restaurant /Cafe;REAL;912;Gastronomie
2015;4;Restaurant /Cafe;REAL;968;Gastronomie
2015;5;Restaurant /Cafe;REAL;109;Gastronomie
2015;6;Restaurant /Cafe;REAL;1041;Gastronomie
2015;7;Restaurant /Cafe;REAL;1114;Gastronomie
2015;8;Restaurant /Cafe;REAL;1133;Gastronomie
2015;9;Restaurant /Cafe;REAL;1039;Gastronomie
2015;10;Restaurant /Cafe;REAL;1033;Gastronomie
2015;11;Restaurant /Cafe;REAL;934;Gastronomie
2015;12;Restaurant /Cafe;REAL;1081;Gastronomie
2015;1;Caterer;REAL;891;Gastronomie
2015;2;Caterer;REAL;902;Gastronomie
2015;3;Caterer;REAL;994;Gastronomie
2015;4;Caterer;REAL;946;Gastronomie
2015;5;Caterer;REAL;968;Gastronomie
2015;6;Caterer;REAL;1058;Gastronomie
2015;7;Caterer;REAL;1037;Gastronomie
2015;8;Caterer;REAL;931;Gastronomie
2015;9;Caterer;REAL;1077;Gastronomie
2015;10;Caterer;REAL;1073;Gastronomie
2015;11;Caterer;REAL;1055;Gastronomie
2015;12;Caterer;REAL;1068;Gastronomie
2015;1;Bars;REAL;856;Gastronomie
2015;2;Bars;REAL;815;Gastronomie
2015;3;Bars;REAL;893;Gastronomie
2015;4;Bars;REAL;998;Gastronomie
2015;5;Bars;REAL;1089;Gastronomie
2015;6;Bars;REAL;1007;Gastronomie
2015;7;Bars;REAL;104;Gastronomie
2015;8;Bars;REAL;1152;Gastronomie
2015;9;Bars;REAL;1028;Gastronomie
2015;10;Bars;REAL;1062;Gastronomie
2015;11;Bars;REAL;914;Gastronomie
2015;12;Bars;REAL;1147;Gastronomie
2016;1;Hotels;REAL;771;Beherbergung
2016;2;Hotels;REAL;822;Beherbergung
2016;3;Hotels;REAL;927;Beherbergung
2016;4;Hotels;REAL;1004;Beherbergung
2016;5;Hotels;REAL;1081;Beherbergung
2016;6;Hotels;REAL;1112;Beherbergung
2016;7;Hotels;REAL;1118;Beherbergung
2016;8;Hotels;REAL;1108;Beherbergung
2016;9;Hotels;REAL;1264;Beherbergung
2016;10;Hotels;REAL;1157;Beherbergung
2016;11;Hotels;REAL;965;Beherbergung
2016;12;Hotels;REAL;959;Beherbergung
2016;1;Ferienunterkünfte;REAL;603;Beherbergung
2016;2;Ferienunterkünfte;REAL;626;Beherbergung
2016;3;Ferienunterkünfte;REAL;775;Beherbergung
2016;4;Ferienunterkünfte;REAL;831;Beherbergung
2016;5;Ferienunterkünfte;REAL;1094;Beherbergung
2016;6;Ferienunterkünfte;REAL;1097;Beherbergung
2016;7;Ferienunterkünfte;REAL;1402;Beherbergung
2016;8;Ferienunterkünfte;REAL;1442;Beherbergung
2016;9;Ferienunterkünfte;REAL;1197;Beherbergung
2016;10;Ferienunterkünfte;REAL;1105;Beherbergung
2016;11;Ferienunterkünfte;REAL;608;Beherbergung
2016;12;Ferienunterkünfte;REAL;608;Beherbergung
2016;1;Campingplätze;REAL;1001;Beherbergung
2016;2;Campingplätze;REAL;595;Beherbergung
2016;3;Campingplätze;REAL;864;Beherbergung
2016;4;Campingplätze;REAL;965;Beherbergung
2016;5;Campingplätze;REAL;1276;Beherbergung
2016;6;Campingplätze;REAL;1125;Beherbergung
2016;7;Campingplätze;REAL;1942;Beherbergung
2016;8;Campingplätze;REAL;2027;Beherbergung
2016;9;Campingplätze;REAL;1204;Beherbergung
2016;10;Campingplätze;REAL;757;Beherbergung
2016;11;Campingplätze;REAL;352;Beherbergung
2016;12;Campingplätze;REAL;39;Beherbergung
2016;1;Restaurant /Cafe;REAL;832;Gastronomie
2016;2;Restaurant /Cafe;REAL;827;Gastronomie
2016;3;Restaurant /Cafe;REAL;921;Gastronomie
2016;4;Restaurant /Cafe;REAL;971;Gastronomie
2016;5;Restaurant /Cafe;REAL;1066;Gastronomie
2016;6;Restaurant /Cafe;REAL;1019;Gastronomie
2016;7;Restaurant /Cafe;REAL;1139;Gastronomie
2016;8;Restaurant /Cafe;REAL;1107;Gastronomie
2016;9;Restaurant /Cafe;REAL;108;Gastronomie
2016;10;Restaurant /Cafe;REAL;1039;Gastronomie
2016;11;Restaurant /Cafe;REAL;914;Gastronomie
2016;12;Restaurant /Cafe;REAL;1071;Gastronomie
2016;1;Caterer;REAL;93;Gastronomie
2016;2;Caterer;REAL;963;Gastronomie
2016;3;Caterer;REAL;996;Gastronomie
2016;4;Caterer;REAL;1027;Gastronomie
2016;5;Caterer;REAL;988;Gastronomie
2016;6;Caterer;REAL;1083;Gastronomie
2016;7;Caterer;REAL;994;Gastronomie
2016;8;Caterer;REAL;932;Gastronomie
2016;9;Caterer;REAL;1104;Gastronomie
2016;10;Caterer;REAL;102;Gastronomie
2016;11;Caterer;REAL;1054;Gastronomie
2016;12;Caterer;REAL;1066;Gastronomie
2016;1;Bars;REAL;829;Gastronomie
2016;2;Bars;REAL;829;Gastronomie
2016;3;Bars;REAL;907;Gastronomie
2016;4;Bars;REAL;992;Gastronomie
2016;5;Bars;REAL;1057;Gastronomie
2016;6;Bars;REAL;959;Gastronomie
2016;7;Bars;REAL;1073;Gastronomie
2016;8;Bars;REAL;1045;Gastronomie
2016;9;Bars;REAL;1081;Gastronomie
2016;10;Bars;REAL;1076;Gastronomie
2016;11;Bars;REAL;899;Gastronomie
2016;12;Bars;REAL;1142;Gastronomie
2017;1;Hotels;REAL;791;Beherbergung
2017;2;Hotels;REAL;808;Beherbergung
2017;3;Hotels;REAL;982;Beherbergung
2017;4;Hotels;REAL;965;Beherbergung
2017;5;Hotels;REAL;1171;Beherbergung
2017;6;Hotels;REAL;110;Beherbergung
2017;7;Hotels;REAL;1125;Beherbergung
2017;8;Hotels;REAL;1086;Beherbergung
2017;9;Hotels;REAL;1255;Beherbergung
2017;10;Hotels;REAL;1162;Beherbergung
2017;11;Hotels;REAL;974;Beherbergung
2017;12;Hotels;REAL;992;Beherbergung
2017;1;Ferienunterkünfte;REAL;555;Beherbergung
2017;2;Ferienunterkünfte;REAL;601;Beherbergung
2017;3;Ferienunterkünfte;REAL;723;Beherbergung
2017;4;Ferienunterkünfte;REAL;918;Beherbergung
2017;5;Ferienunterkünfte;REAL;1045;Beherbergung
2017;6;Ferienunterkünfte;REAL;1193;Beherbergung
2017;7;Ferienunterkünfte;REAL;1389;Beherbergung
2017;8;Ferienunterkünfte;REAL;139;Beherbergung
2017;9;Ferienunterkünfte;REAL;1156;Beherbergung
2017;10;Ferienunterkünfte;REAL;1032;Beherbergung
2017;11;Ferienunterkünfte;REAL;621;Beherbergung
2017;12;Ferienunterkünfte;REAL;638;Beherbergung
2017;1;Campingplätze;REAL;1153;Beherbergung
2017;2;Campingplätze;REAL;532;Beherbergung
2017;3;Campingplätze;REAL;771;Beherbergung
2017;4;Campingplätze;REAL;1412;Beherbergung
2017;5;Campingplätze;REAL;1088;Beherbergung
2017;6;Campingplätze;REAL;1491;Beherbergung
2017;7;Campingplätze;REAL;1863;Beherbergung
2017;8;Campingplätze;REAL;1915;Beherbergung
2017;9;Campingplätze;REAL;1079;Beherbergung
2017;10;Campingplätze;REAL;759;Beherbergung
2017;11;Campingplätze;REAL;365;Beherbergung
2017;12;Campingplätze;REAL;594;Beherbergung
2017;1;Restaurant /Cafe;REAL;831;Gastronomie
2017;2;Restaurant /Cafe;REAL;835;Gastronomie
2017;3;Restaurant /Cafe;REAL;97;Gastronomie
2017;4;Restaurant /Cafe;REAL;1029;Gastronomie
2017;5;Restaurant /Cafe;REAL;1079;Gastronomie
2017;6;Restaurant /Cafe;REAL;1098;Gastronomie
2017;7;Restaurant /Cafe;REAL;1155;Gastronomie
2017;8;Restaurant /Cafe;REAL;1117;Gastronomie
2017;9;Restaurant /Cafe;REAL;1083;Gastronomie
2017;10;Restaurant /Cafe;REAL;1068;Gastronomie
2017;11;Restaurant /Cafe;REAL;94;Gastronomie
2017;12;Restaurant /Cafe;REAL;1099;Gastronomie
2017;1;Caterer;REAL;932;Gastronomie
2017;2;Caterer;REAL;939;Gastronomie
2017;3;Caterer;REAL;1049;Gastronomie
2017;4;Caterer;REAL;936;Gastronomie
2017;5;Caterer;REAL;1052;Gastronomie
2017;6;Caterer;REAL;1046;Gastronomie
2017;7;Caterer;REAL;1006;Gastronomie
2017;8;Caterer;REAL;981;Gastronomie
2017;9;Caterer;REAL;112;Gastronomie
2017;10;Caterer;REAL;1028;Gastronomie
2017;11;Caterer;REAL;1073;Gastronomie
2017;12;Caterer;REAL;1101;Gastronomie
2017;1;Bars;REAL;792;Gastronomie
2017;2;Bars;REAL;84;Gastronomie
2017;3;Bars;REAL;911;Gastronomie
2017;4;Bars;REAL;979;Gastronomie
2017;5;Bars;REAL;995;Gastronomie
2017;6;Bars;REAL;1011;Gastronomie
2017;7;Bars;REAL;1055;Gastronomie
2017;8;Bars;REAL;1015;Gastronomie
2017;9;Bars;REAL;106;Gastronomie
2017;10;Bars;REAL;1053;Gastronomie
2017;11;Bars;REAL;893;Gastronomie
2017;12;Bars;REAL;1128;Gastronomie
2018;1;Hotels;REAL;811;Beherbergung
2018;2;Hotels;REAL;831;Beherbergung
2018;3;Hotels;REAL;954;Beherbergung
2018;4;Hotels;REAL;1033;Beherbergung
2018;5;Hotels;REAL;1088;Beherbergung
2018;6;Hotels;REAL;1153;Beherbergung
2018;7;Hotels;REAL;1137;Beherbergung
2018;8;Hotels;REAL;1134;Beherbergung
2018;9;Hotels;REAL;1277;Beherbergung
2018;10;Hotels;REAL;1172;Beherbergung
2018;11;Hotels;REAL;1005;Beherbergung
2018;12;Hotels;REAL;99;Beherbergung
2018;1;Ferienunterkünfte;REAL;594;Beherbergung
2018;2;Ferienunterkünfte;REAL;664;Beherbergung
2018;3;Ferienunterkünfte;REAL;796;Beherbergung
2018;4;Ferienunterkünfte;REAL;846;Beherbergung
2018;5;Ferienunterkünfte;REAL;107;Beherbergung
2018;6;Ferienunterkünfte;REAL;113;Beherbergung
2018;7;Ferienunterkünfte;REAL;1319;Beherbergung
2018;8;Ferienunterkünfte;REAL;1299;Beherbergung
2018;9;Ferienunterkünfte;REAL;1217;Beherbergung
2018;10;Ferienunterkünfte;REAL;1046;Beherbergung
2018;11;Ferienunterkünfte;REAL;664;Beherbergung
2018;12;Ferienunterkünfte;REAL;653;Beherbergung
2018;1;Campingplätze;REAL;132;Beherbergung
2018;2;Campingplätze;REAL;536;Beherbergung
2018;3;Campingplätze;REAL;901;Beherbergung
2018;4;Campingplätze;REAL;1213;Beherbergung
2018;5;Campingplätze;REAL;1356;Beherbergung
2018;6;Campingplätze;REAL;135;Beherbergung
2018;7;Campingplätze;REAL;1952;Beherbergung
2018;8;Campingplätze;REAL;1939;Beherbergung
2018;9;Campingplätze;REAL;1226;Beherbergung
2018;10;Campingplätze;REAL;873;Beherbergung
2018;11;Campingplätze;REAL;414;Beherbergung
2018;12;Campingplätze;REAL;567;Beherbergung
2018;1;Restaurant /Cafe;REAL;875;Gastronomie
2018;2;Restaurant /Cafe;REAL;84;Gastronomie
2018;3;Restaurant /Cafe;REAL;971;Gastronomie
2018;4;Restaurant /Cafe;REAL;1045;Gastronomie
2018;5;Restaurant /Cafe;REAL;1113;Gastronomie
2018;6;Restaurant /Cafe;REAL;1083;Gastronomie
2018;7;Restaurant /Cafe;REAL;1152;Gastronomie
2018;8;Restaurant /Cafe;REAL;1135;Gastronomie
2018;9;Restaurant /Cafe;REAL;1097;Gastronomie
2018;10;Restaurant /Cafe;REAL;1066;Gastronomie
2018;11;Restaurant /Cafe;REAL;991;Gastronomie
2018;12;Restaurant /Cafe;REAL;1126;Gastronomie
2018;1;Caterer;REAL;923;Gastronomie
2018;2;Caterer;REAL;926;Gastronomie
2018;3;Caterer;REAL;993;Gastronomie
2018;4;Caterer;REAL;985;Gastronomie
2018;5;Caterer;REAL;999;Gastronomie
2018;6;Caterer;REAL;1109;Gastronomie
2018;7;Caterer;REAL;1036;Gastronomie
2018;8;Caterer;REAL;1013;Gastronomie
2018;9;Caterer;REAL;1107;Gastronomie
2018;10;Caterer;REAL;108;Gastronomie
2018;11;Caterer;REAL;1103;Gastronomie
2018;12;Caterer;REAL;1125;Gastronomie
2018;1;Bars;REAL;796;Gastronomie
2018;2;Bars;REAL;811;Gastronomie
2018;3;Bars;REAL;908;Gastronomie
2018;4;Bars;REAL;954;Gastronomie
2018;5;Bars;REAL;100;Gastronomie
2018;6;Bars;REAL;102;Gastronomie
2018;7;Bars;REAL;988;Gastronomie
2018;8;Bars;REAL;1052;Gastronomie
2018;9;Bars;REAL;1063;Gastronomie
2018;10;Bars;REAL;1029;Gastronomie
2018;11;Bars;REAL;933;Gastronomie
2018;12;Bars;REAL;1124;Gastronomie
2019;1;Hotels;REAL;829;Beherbergung
2019;2;Hotels;REAL;85;Beherbergung
2019;3;Hotels;REAL;1005;Beherbergung
2019;4;Hotels;REAL;1007;Beherbergung
2019;5;Hotels;REAL;113;Beherbergung
2019;6;Hotels;REAL;1147;Beherbergung
2019;7;Hotels;REAL;1118;Beherbergung
2019;8;Hotels;REAL;112;Beherbergung
2019;9;Hotels;REAL;1234;Beherbergung
2019;10;Hotels;REAL;1186;Beherbergung
2019;11;Hotels;REAL;104;Beherbergung
2019;12;Hotels;REAL;998;Beherbergung
2019;1;Ferienunterkünfte;REAL;583;Beherbergung
2019;2;Ferienunterkünfte;REAL;642;Beherbergung
2019;3;Ferienunterkünfte;REAL;726;Beherbergung
2019;4;Ferienunterkünfte;REAL;982;Beherbergung
2019;5;Ferienunterkünfte;REAL;103;Beherbergung
2019;6;Ferienunterkünfte;REAL;1229;Beherbergung
2019;7;Ferienunterkünfte;REAL;1361;Beherbergung
2019;8;Ferienunterkünfte;REAL;1332;Beherbergung
2019;9;Ferienunterkünfte;REAL;1175;Beherbergung
2019;10;Ferienunterkünfte;REAL;1056;Beherbergung
2019;11;Ferienunterkünfte;REAL;633;Beherbergung
2019;12;Ferienunterkünfte;REAL;67;Beherbergung
2019;1;Campingplätze;REAL;1145;Beherbergung
2019;2;Campingplätze;REAL;623;Beherbergung
2019;3;Campingplätze;REAL;1026;Beherbergung
2019;4;Campingplätze;REAL;1367;Beherbergung
2019;5;Campingplätze;REAL;1067;Beherbergung
2019;6;Campingplätze;REAL;1625;Beherbergung
2019;7;Campingplätze;REAL;1902;Beherbergung
2019;8;Campingplätze;REAL;1924;Beherbergung
2019;9;Campingplätze;REAL;1212;Beherbergung
2019;10;Campingplätze;REAL;841;Beherbergung
2019;11;Campingplätze;REAL;465;Beherbergung
2019;12;Campingplätze;REAL;434;Beherbergung
2019;1;Restaurant /Cafe;REAL;868;Gastronomie
2019;2;Restaurant /Cafe;REAL;888;Gastronomie
2019;3;Restaurant /Cafe;REAL;100;Gastronomie
2019;4;Restaurant /Cafe;REAL;1027;Gastronomie
2019;5;Restaurant /Cafe;REAL;1089;Gastronomie
2019;6;Restaurant /Cafe;REAL;1113;Gastronomie
2019;7;Restaurant /Cafe;REAL;1138;Gastronomie
2019;8;Restaurant /Cafe;REAL;1159;Gastronomie
2019;9;Restaurant /Cafe;REAL;1082;Gastronomie
2019;10;Restaurant /Cafe;REAL;1074;Gastronomie
2019;11;Restaurant /Cafe;REAL;1005;Gastronomie
2019;12;Restaurant /Cafe;REAL;1132;Gastronomie
2019;1;Caterer;REAL;963;Gastronomie
2019;2;Caterer;REAL;978;Gastronomie
2019;3;Caterer;REAL;1049;Gastronomie
2019;4;Caterer;REAL;994;Gastronomie
2019;5;Caterer;REAL;1091;Gastronomie
2019;6;Caterer;REAL;1072;Gastronomie
2019;7;Caterer;REAL;1042;Gastronomie
2019;8;Caterer;REAL;1016;Gastronomie
2019;9;Caterer;REAL;1151;Gastronomie
2019;10;Caterer;REAL;1094;Gastronomie
2019;11;Caterer;REAL;1118;Gastronomie
2019;12;Caterer;REAL;1089;Gastronomie
2019;1;Bars;REAL;788;Gastronomie
2019;2;Bars;REAL;822;Gastronomie
2019;3;Bars;REAL;941;Gastronomie
2019;4;Bars;REAL;965;Gastronomie
2019;5;Bars;REAL;993;Gastronomie
2019;6;Bars;REAL;1006;Gastronomie
2019;7;Bars;REAL;101;Gastronomie
2019;8;Bars;REAL;1068;Gastronomie
2019;9;Bars;REAL;102;Gastronomie
2019;10;Bars;REAL;1047;Gastronomie
2019;11;Bars;REAL;978;Gastronomie
2019;12;Bars;REAL;1147;Gastronomie
2020;1;Hotels;REAL;807;Beherbergung
2020;2;Hotels;REAL;866;Beherbergung
2020;3;Hotels;REAL;493;Beherbergung
2020;4;Hotels;REAL;117;Beherbergung
2020;5;Hotels;REAL;216;Beherbergung
2020;6;Hotels;REAL;536;Beherbergung
2020;7;Hotels;REAL;779;Beherbergung
2020;8;Hotels;REAL;88;Beherbergung
2020;9;Hotels;REAL;893;Beherbergung
2020;10;Hotels;REAL;728;Beherbergung
2020;11;Hotels;REAL;189;Beherbergung
2020;12;Hotels;REAL;166;Beherbergung
2020;1;Ferienunterkünfte;REAL;552;Beherbergung
2020;2;Ferienunterkünfte;REAL;668;Beherbergung
2020;3;Ferienunterkünfte;REAL;414;Beherbergung
2020;4;Ferienunterkünfte;REAL;154;Beherbergung
2020;5;Ferienunterkünfte;REAL;328;Beherbergung
2020;6;Ferienunterkünfte;REAL;717;Beherbergung
2020;7;Ferienunterkünfte;REAL;1105;Beherbergung
2020;8;Ferienunterkünfte;REAL;1225;Beherbergung
2020;9;Ferienunterkünfte;REAL;984;Beherbergung
2020;10;Ferienunterkünfte;REAL;835;Beherbergung
2020;11;Ferienunterkünfte;REAL;197;Beherbergung
2020;12;Ferienunterkünfte;REAL;176;Beherbergung
2020;1;Campingplätze;REAL;1128;Beherbergung
2020;2;Campingplätze;REAL;651;Beherbergung
2020;3;Campingplätze;REAL;681;Beherbergung
2020;4;Campingplätze;REAL;804;Beherbergung
2020;5;Campingplätze;REAL;796;Beherbergung
2020;6;Campingplätze;REAL;1533;Beherbergung
2020;7;Campingplätze;REAL;1924;Beherbergung
2020;8;Campingplätze;REAL;2126;Beherbergung
2020;9;Campingplätze;REAL;148;Beherbergung
2020;10;Campingplätze;REAL;1002;Beherbergung
2020;11;Campingplätze;REAL;345;Beherbergung
2020;12;Campingplätze;REAL;338;Beherbergung
2020;1;Restaurant /Cafe;REAL;899;Gastronomie
2020;2;Restaurant /Cafe;REAL;894;Gastronomie
2020;3;Restaurant /Cafe;REAL;539;Gastronomie
2020;4;Restaurant /Cafe;REAL;296;Gastronomie
2020;5;Restaurant /Cafe;REAL;517;Gastronomie
2020;6;Restaurant /Cafe;REAL;772;Gastronomie
2020;7;Restaurant /Cafe;REAL;959;Gastronomie
2020;8;Restaurant /Cafe;REAL;981;Gastronomie
2020;9;Restaurant /Cafe;REAL;932;Gastronomie
2020;10;Restaurant /Cafe;REAL;835;Gastronomie
2020;11;Restaurant /Cafe;REAL;362;Gastronomie
2020;12;Restaurant /Cafe;REAL;344;Gastronomie
2020;1;Caterer;REAL;94;Gastronomie
2020;2;Caterer;REAL;955;Gastronomie
2020;3;Caterer;REAL;751;Gastronomie
2020;4;Caterer;REAL;47;Gastronomie
2020;5;Caterer;REAL;511;Gastronomie
2020;6;Caterer;REAL;594;Gastronomie
2020;7;Caterer;REAL;636;Gastronomie
2020;8;Caterer;REAL;679;Gastronomie
2020;9;Caterer;REAL;798;Gastronomie
2020;10;Caterer;REAL;735;Gastronomie
2020;11;Caterer;REAL;657;Gastronomie
2020;12;Caterer;REAL;631;Gastronomie
2020;1;Bars;REAL;841;Gastronomie
2020;2;Bars;REAL;864;Gastronomie
2020;3;Bars;REAL;441;Gastronomie
2020;4;Bars;REAL;152;Gastronomie
2020;5;Bars;REAL;284;Gastronomie
2020;6;Bars;REAL;498;Gastronomie
2020;7;Bars;REAL;609;Gastronomie
2020;8;Bars;REAL;635;Gastronomie
2020;9;Bars;REAL;609;Gastronomie
2020;10;Bars;REAL;522;Gastronomie
2020;11;Bars;REAL;161;Gastronomie
2020;12;Bars;REAL;14;Gastronomie
2021;1;Hotels;REAL;126;Beherbergung
2021;2;Hotels;REAL;138;Beherbergung
2021;3;Hotels;REAL;187;Beherbergung
2021;4;Hotels;REAL;176;Beherbergung
2021;5;Hotels;REAL;262;Beherbergung
2021;6;Hotels;REAL;613;Beherbergung
2021;7;Hotels;REAL;83;Beherbergung
2021;8;Hotels;REAL;963;Beherbergung
2021;9;Hotels;REAL;1051;Beherbergung
2021;10;Hotels;REAL;1026;Beherbergung
2021;11;Hotels;REAL;83;Beherbergung
2021;12;Hotels;REAL;559;Beherbergung
2021;1;Ferienunterkünfte;REAL;149;Beherbergung
2021;2;Ferienunterkünfte;REAL;125;Beherbergung
2021;3;Ferienunterkünfte;REAL;134;Beherbergung
2021;4;Ferienunterkünfte;REAL;152;Beherbergung
2021;5;Ferienunterkünfte;REAL;322;Beherbergung
2021;6;Ferienunterkünfte;REAL;747;Beherbergung
2021;7;Ferienunterkünfte;REAL;1322;Beherbergung
2021;8;Ferienunterkünfte;REAL;1567;Beherbergung
2021;9;Ferienunterkünfte;REAL;1167;Beherbergung
2021;10;Ferienunterkünfte;REAL;1242;Beherbergung
2021;11;Ferienunterkünfte;REAL;658;Beherbergung
2021;12;Ferienunterkünfte;REAL;461;Beherbergung
2021;1;Campingplätze;REAL;1066;Beherbergung
2021;2;Campingplätze;REAL;452;Beherbergung
2021;3;Campingplätze;REAL;699;Beherbergung
2021;4;Campingplätze;REAL;603;Beherbergung
2021;5;Campingplätze;REAL;792;Beherbergung
2021;6;Campingplätze;REAL;1477;Beherbergung
2021;7;Campingplätze;REAL;2013;Beherbergung
2021;8;Campingplätze;REAL;2067;Beherbergung
2021;9;Campingplätze;REAL;1496;Beherbergung
2021;10;Campingplätze;REAL;1022;Beherbergung
2021;11;Campingplätze;REAL;54;Beherbergung
2021;12;Campingplätze;REAL;489;Beherbergung
2021;1;Restaurant /Cafe;REAL;361;Gastronomie
2021;2;Restaurant /Cafe;REAL;349;Gastronomie
2021;3;Restaurant /Cafe;REAL;422;Gastronomie
2021;4;Restaurant /Cafe;REAL;405;Gastronomie
2021;5;Restaurant /Cafe;REAL;526;Gastronomie
2021;6;Restaurant /Cafe;REAL;79;Gastronomie
2021;7;Restaurant /Cafe;REAL;962;Gastronomie
2021;8;Restaurant /Cafe;REAL;969;Gastronomie
2021;9;Restaurant /Cafe;REAL;912;Gastronomie
2021;10;Restaurant /Cafe;REAL;925;Gastronomie
2021;11;Restaurant /Cafe;REAL;73;Gastronomie
2021;12;Restaurant /Cafe;REAL;713;Gastronomie
2021;1;Caterer;REAL;527;Gastronomie
2021;2;Caterer;REAL;542;Gastronomie
2021;3;Caterer;REAL;622;Gastronomie
2021;4;Caterer;REAL;582;Gastronomie
2021;5;Caterer;REAL;629;Gastronomie
2021;6;Caterer;REAL;702;Gastronomie
2021;7;Caterer;REAL;709;Gastronomie
2021;8;Caterer;REAL;715;Gastronomie
2021;9;Caterer;REAL;844;Gastronomie
2021;10;Caterer;REAL;822;Gastronomie
2021;11;Caterer;REAL;835;Gastronomie
2021;12;Caterer;REAL;75;Gastronomie
2021;1;Bars;REAL;122;Gastronomie
2021;2;Bars;REAL;127;Gastronomie
2021;3;Bars;REAL;152;Gastronomie
2021;4;Bars;REAL;151;Gastronomie
2021;5;Bars;REAL;225;Gastronomie
2021;6;Bars;REAL;521;Gastronomie
2021;7;Bars;REAL;655;Gastronomie
2021;8;Bars;REAL;654;Gastronomie
2021;9;Bars;REAL;656;Gastronomie
2021;10;Bars;REAL;70;Gastronomie
2021;11;Bars;REAL;531;Gastronomie
2021;12;Bars;REAL;449;Gastronomie
2022;1;Hotels;REAL;463;Beherbergung
2022;2;Hotels;REAL;529;Beherbergung
2022;3;Hotels;REAL;701;Beherbergung
2022;4;Hotels;REAL;861;Beherbergung
2022;5;Hotels;REAL;1112;Beherbergung
2022;6;Hotels;REAL;1157;Beherbergung
2022;7;Hotels;REAL;1115;Beherbergung
2022;8;Hotels;REAL;1112;Beherbergung
2022;9;Hotels;REAL;1278;Beherbergung
2022;10;Hotels;REAL;0;Beherbergung
2022;11;Hotels;REAL;0;Beherbergung
2022;12;Hotels;REAL;0;Beherbergung
2022;1;Ferienunterkünfte;REAL;446;Beherbergung
2022;2;Ferienunterkünfte;REAL;501;Beherbergung
2022;3;Ferienunterkünfte;REAL;611;Beherbergung
2022;4;Ferienunterkünfte;REAL;1093;Beherbergung
2022;5;Ferienunterkünfte;REAL;1232;Beherbergung
2022;6;Ferienunterkünfte;REAL;1331;Beherbergung
2022;7;Ferienunterkünfte;REAL;1497;Beherbergung
2022;8;Ferienunterkünfte;REAL;1572;Beherbergung
2022;9;Ferienunterkünfte;REAL;1325;Beherbergung
2022;10;Ferienunterkünfte;REAL;0;Beherbergung
2022;11;Ferienunterkünfte;REAL;0;Beherbergung
2022;12;Ferienunterkünfte;REAL;0;Beherbergung
2022;1;Campingplätze;REAL;1201;Beherbergung
2022;2;Campingplätze;REAL;576;Beherbergung
2022;3;Campingplätze;REAL;911;Beherbergung
2022;4;Campingplätze;REAL;1216;Beherbergung
2022;5;Campingplätze;REAL;1249;Beherbergung
2022;6;Campingplätze;REAL;1614;Beherbergung
2022;7;Campingplätze;REAL;2065;Beherbergung
2022;8;Campingplätze;REAL;193;Beherbergung
2022;9;Campingplätze;REAL;1338;Beherbergung
2022;10;Campingplätze;REAL;0;Beherbergung
2022;11;Campingplätze;REAL;0;Beherbergung
2022;12;Campingplätze;REAL;0;Beherbergung
2022;1;Restaurant /Cafe;REAL;768;Gastronomie
2022;2;Restaurant /Cafe;REAL;784;Gastronomie
2022;3;Restaurant /Cafe;REAL;887;Gastronomie
2022;4;Restaurant /Cafe;REAL;956;Gastronomie
2022;5;Restaurant /Cafe;REAL;1096;Gastronomie
2022;6;Restaurant /Cafe;REAL;1075;Gastronomie
2022;7;Restaurant /Cafe;REAL;1126;Gastronomie
2022;8;Restaurant /Cafe;REAL;1095;Gastronomie
2022;9;Restaurant /Cafe;REAL;1014;Gastronomie
2022;10;Restaurant /Cafe;REAL;0;Gastronomie
2022;11;Restaurant /Cafe;REAL;0;Gastronomie
2022;12;Restaurant /Cafe;REAL;0;Gastronomie
2022;1;Caterer;REAL;805;Gastronomie
2022;2;Caterer;REAL;814;Gastronomie
2022;3;Caterer;REAL;891;Gastronomie
2022;4;Caterer;REAL;904;Gastronomie
2022;5;Caterer;REAL;999;Gastronomie
2022;6;Caterer;REAL;972;Gastronomie
2022;7;Caterer;REAL;905;Gastronomie
2022;8;Caterer;REAL;87;Gastronomie
2022;9;Caterer;REAL;1006;Gastronomie
2022;10;Caterer;REAL;0;Gastronomie
2022;11;Caterer;REAL;0;Gastronomie
2022;12;Caterer;REAL;0;Gastronomie
2022;1;Bars;REAL;387;Gastronomie
2022;2;Bars;REAL;423;Gastronomie
2022;3;Bars;REAL;582;Gastronomie
2022;4;Bars;REAL;695;Gastronomie
2022;5;Bars;REAL;825;Gastronomie
2022;6;Bars;REAL;834;Gastronomie
2022;7;Bars;REAL;841;Gastronomie
2022;8;Bars;REAL;829;Gastronomie
2022;9;Bars;REAL;752;Gastronomie
2022;10;Bars;REAL;0;Gastronomie
2022;11;Bars;REAL;0;Gastronomie
2022;12;Bars;REAL;0;Gastronomie
